RUNNER,EXP,NUM,STEP,START_X,START_Y,DIRECTION,REWARD_X,REWARD_Y,EXPECTED,ACTUAL,FINAL_X,FINAL_Y,WHY,Q_N,Q_S,Q_E,Q_W,SUGGESTION
0,0,0,0,4,4,1,4,5,0,0,4,5,P,0.000000,0.000000,0.000000,0.000000,0
0,0,0,1,4,5,3,3,5,0,0,3,5,P,0.000000,0.000000,0.000000,0.000000,0
0,0,0,2,3,5,0,3,4,0,0,3,4,P,0.000000,0.000000,0.000000,0.000000,0
0,0,0,3,3,4,1,3,5,0,0,3,5,P,0.000000,0.000000,0.000000,0.000000,0
0,0,0,4,3,5,0,3,4,0,0,3,4,P,0.000000,0.000000,0.000000,0.000000,0
0,0,0,5,3,4,3,2,4,0,0,2,4,P,0.000000,0.000000,0.000000,0.000000,0
0,0,0,6,2,4,0,2,3,0,0,2,3,P,0.000000,0.000000,0.000000,0.000000,0
0,0,0,7,2,3,0,2,2,0,0,2,2,P,0.000000,0.000000,0.000000,0.000000,0
0,0,0,8,2,2,2,3,2,0,0,3,2,R,0.000000,0.000000,0.000000,0.000000,0
0,0,0,9,3,2,1,3,3,0,0,3,3,P,0.000000,0.000000,0.000000,0.000000,0
0,0,0,10,3,3,3,2,3,0,0,2,3,P,0.000000,0.000000,0.000000,0.000000,0
0,0,0,11,2,3,1,2,4,0,0,2,4,P,0.000000,0.000000,0.000000,0.000000,0
0,0,0,12,2,4,2,3,4,0,0,3,4,P,0.000000,0.000000,0.000000,0.000000,0
0,0,0,13,3,4,0,3,3,0,0,3,3,P,0.000000,0.000000,0.000000,0.000000,0
0,0,0,14,3,3,0,3,2,0,0,3,2,P,0.000000,0.000000,0.000000,0.000000,0
0,0,0,15,3,2,1,3,3,0,0,3,3,P,0.000000,0.000000,0.000000,0.000000,0
0,0,0,16,3,3,1,3,4,0,0,3,4,P,0.000000,0.000000,0.000000,0.000000,0
0,0,0,17,3,4,0,3,3,0,0,3,3,P,0.000000,0.000000,0.000000,0.000000,0
0,0,0,18,3,3,1,3,4,0,0,3,4,P,0.000000,0.000000,0.000000,0.000000,0
0,0,0,19,3,4,1,3,5,0,0,3,5,P,0.000000,0.000000,0.000000,0.000000,0
0,0,0,20,3,5,1,3,6,0,0,3,6,P,0.000000,0.000000,0.000000,0.000000,0
0,0,0,21,3,6,2,4,6,0,0,4,6,P,0.000000,0.000000,0.000000,0.000000,0
0,0,0,22,4,6,3,3,6,0,0,3,6,P,0.000000,0.000000,0.000000,0.000000,0
0,0,0,23,3,6,3,2,6,0,0,2,6,P,0.000000,0.000000,0.000000,0.000000,0
0,0,0,24,2,6,3,1,6,0,0,1,6,P,0.000000,0.000000,0.000000,0.000000,0
0,0,0,25,1,6,0,1,5,0,0,1,5,P,0.000000,0.000000,0.000000,0.000000,0
0,0,0,26,1,5,3,0,5,0,0,0,5,P,0.000000,0.000000,0.000000,0.000000,0
0,0,0,27,0,5,0,0,4,0,0,0,4,P,0.000000,0.000000,0.000000,0.000000,0
0,0,0,28,0,4,1,0,5,0,0,0,5,P,0.000000,0.000000,0.000000,0.000000,0
0,0,0,29,0,5,0,0,4,0,0,0,4,P,0.000000,0.000000,0.000000,0.000000,0
0,0,0,30,0,4,1,0,5,0,0,0,5,P,0.000000,0.000000,0.000000,0.000000,0
0,0,0,31,0,5,1,0,6,0,0,0,6,R,0.000000,0.000000,0.000000,0.000000,0
0,0,0,32,0,6,3,0,6,0,0,0,6,P,0.000000,0.000000,0.000000,0.000000,0
0,0,0,33,0,6,3,0,6,0,0,0,6,P,0.000000,0.000000,0.000000,0.000000,0
0,0,0,34,0,6,1,0,7,0,0,0,7,P,0.000000,0.000000,0.000000,0.000000,0
0,0,0,35,0,7,2,1,7,0,0,1,7,P,0.000000,0.000000,0.000000,0.000000,0
0,0,0,36,1,7,3,0,7,0,0,0,7,P,0.000000,0.000000,0.000000,0.000000,0
0,0,0,37,0,7,1,0,7,0,0,0,7,P,0.000000,0.000000,0.000000,0.000000,0
0,0,0,38,0,7,0,0,6,0,0,0,6,P,0.000000,0.000000,0.000000,0.000000,0
0,0,0,39,0,6,2,1,6,0,0,1,6,P,0.000000,0.000000,0.000000,0.000000,0
0,0,0,40,1,6,2,2,6,0,0,2,6,P,0.000000,0.000000,0.000000,0.000000,0
0,0,0,41,2,6,3,1,6,0,0,1,6,P,0.000000,0.000000,0.000000,0.000000,0
0,0,0,42,1,6,1,1,7,0,0,1,7,P,0.000000,0.000000,0.000000,0.000000,0
0,0,0,43,1,7,0,1,6,0,0,1,6,P,0.000000,0.000000,0.000000,0.000000,0
0,0,0,44,1,6,1,1,7,0,0,1,7,P,0.000000,0.000000,0.000000,0.000000,0
0,0,0,45,1,7,0,1,6,0,0,1,6,P,0.000000,0.000000,0.000000,0.000000,0
0,0,0,46,1,6,0,1,5,0,0,1,5,P,0.000000,0.000000,0.000000,0.000000,0
0,0,0,47,1,5,1,1,6,0,0,1,6,P,0.000000,0.000000,0.000000,0.000000,0
0,0,0,48,1,6,2,2,6,0,0,2,6,P,0.000000,0.000000,0.000000,0.000000,0
0,0,0,49,2,6,1,2,7,0,0,2,7,P,0.000000,0.000000,0.000000,0.000000,0
0,0,0,50,2,7,0,2,6,0,0,2,6,P,0.000000,0.000000,0.000000,0.000000,0
0,0,0,51,2,6,0,2,5,0,0,2,5,P,0.000000,0.000000,0.000000,0.000000,0
0,0,0,52,2,5,2,3,5,0,0,3,5,P,0.000000,0.000000,0.000000,0.000000,0
0,0,0,53,3,5,0,3,4,0,0,3,4,P,0.000000,0.000000,0.000000,0.000000,0
0,0,0,54,3,4,0,3,3,0,0,3,3,P,0.000000,0.000000,0.000000,0.000000,0
0,0,0,55,3,3,0,3,2,0,0,3,2,P,0.000000,0.000000,0.000000,0.000000,0
0,0,0,56,3,2,2,4,2,0,0,4,2,P,0.000000,0.000000,0.000000,0.000000,0
0,0,0,57,4,2,0,4,1,0,0,4,1,P,0.000000,0.000000,0.000000,0.000000,0
0,0,0,58,4,1,3,3,1,0,0,3,1,P,0.000000,0.000000,0.000000,0.000000,0
0,0,0,59,3,1,2,4,1,0,0,4,1,P,0.000000,0.000000,0.000000,0.000000,0
0,0,0,60,4,1,1,4,2,0,0,4,2,P,0.000000,0.000000,0.000000,0.000000,0
0,0,0,61,4,2,1,4,3,0,0,4,3,P,0.000000,0.000000,0.000000,0.000000,0
0,0,0,62,4,3,2,5,3,0,0,5,3,P,0.000000,0.000000,0.000000,0.000000,0
0,0,0,63,5,3,1,5,4,0,0,5,4,P,0.000000,0.000000,0.000000,0.000000,0
0,0,0,64,5,4,3,4,4,0,0,4,4,P,0.000000,0.000000,0.000000,0.000000,0
0,0,0,65,4,4,3,3,4,0,0,3,4,P,0.000000,0.000000,0.000000,0.000000,0
0,0,0,66,3,4,1,3,5,0,0,3,5,P,0.000000,0.000000,0.000000,0.000000,0
0,0,0,67,3,5,2,4,5,0,0,4,5,P,0.000000,0.000000,0.000000,0.000000,0
0,0,0,68,4,5,1,4,6,0,0,4,6,P,0.000000,0.000000,0.000000,0.000000,0
0,0,0,69,4,6,3,3,6,0,0,3,6,P,0.000000,0.000000,0.000000,0.000000,0
0,0,0,70,3,6,2,4,6,0,0,4,6,P,0.000000,0.000000,0.000000,0.000000,0
0,0,0,71,4,6,1,4,7,0,0,4,7,P,0.000000,0.000000,0.000000,0.000000,0
0,0,0,72,4,7,3,3,7,0,0,3,7,P,0.000000,0.000000,0.000000,0.000000,0
0,0,0,73,3,7,0,3,6,0,0,3,6,P,0.000000,0.000000,0.000000,0.000000,0
0,0,0,74,3,6,2,4,6,0,0,4,6,P,0.000000,0.000000,0.000000,0.000000,0
0,0,0,75,4,6,3,3,6,0,0,3,6,P,0.000000,0.000000,0.000000,0.000000,0
0,0,0,76,3,6,3,2,6,0,0,2,6,P,0.000000,0.000000,0.000000,0.000000,0
0,0,0,77,2,6,1,2,7,0,0,2,7,P,0.000000,0.000000,0.000000,0.000000,0
0,0,0,78,2,7,1,2,7,0,0,2,7,P,0.000000,0.000000,0.000000,0.000000,0
0,0,0,79,2,7,0,2,6,0,0,2,6,P,0.000000,0.000000,0.000000,0.000000,0
0,0,0,80,2,6,2,3,6,0,0,3,6,P,0.000000,0.000000,0.000000,0.000000,0
0,0,0,81,3,6,2,4,6,0,0,4,6,P,0.000000,0.000000,0.000000,0.000000,0
0,0,0,82,4,6,1,4,7,0,0,4,7,P,0.000000,0.000000,0.000000,0.000000,0
0,0,0,83,4,7,2,5,7,0,0,5,7,R,0.000000,0.000000,0.000000,0.000000,0
0,0,0,84,5,7,2,6,7,0,0,6,7,P,0.000000,0.000000,0.000000,0.000000,0
0,0,0,85,6,7,3,5,7,0,0,5,7,P,0.000000,0.000000,0.000000,0.000000,0
0,0,0,86,5,7,3,4,7,0,0,4,7,P,0.000000,0.000000,0.000000,0.000000,0
0,0,0,87,4,7,0,4,6,0,0,4,6,P,0.000000,0.000000,0.000000,0.000000,0
0,0,0,88,4,6,2,5,6,0,0,5,6,P,0.000000,0.000000,0.000000,0.000000,0
0,0,0,89,5,6,0,5,5,0,0,5,5,P,0.000000,0.000000,0.000000,0.000000,0
0,0,0,90,5,5,0,5,4,0,0,5,4,P,0.000000,0.000000,0.000000,0.000000,0
0,0,0,91,5,4,1,5,5,0,0,5,5,P,0.000000,0.000000,0.000000,0.000000,0
0,0,0,92,5,5,2,6,5,0,0,6,5,P,0.000000,0.000000,0.000000,0.000000,0
0,0,0,93,6,5,2,7,5,0,0,7,5,P,0.000000,0.000000,0.000000,0.000000,0
0,0,0,94,7,5,1,7,6,0,0,7,6,P,0.000000,0.000000,0.000000,0.000000,0
0,0,0,95,7,6,1,7,7,-10,-10,0,0,P,0.000000,-5.000000,0.000000,0.000000,0
0,0,0,96,0,0,3,0,0,0,0,0,0,P,0.000000,0.000000,0.000000,0.000000,0
0,0,0,97,0,0,2,1,0,0,0,1,0,P,0.000000,0.000000,0.000000,0.000000,0
0,0,0,98,1,0,2,2,0,0,0,2,0,P,0.000000,0.000000,0.000000,0.000000,0
0,0,0,99,2,0,3,1,0,0,0,1,0,P,0.000000,0.000000,0.000000,0.000000,0
0,0,0,100,1,0,3,0,0,10,10,7,7,P,0.000000,0.000000,0.000000,5.000000,0
0,0,0,101,7,7,0,7,6,0,0,7,6,P,0.000000,0.000000,0.000000,0.000000,0
0,0,0,102,7,6,0,7,5,0,0,7,5,P,0.000000,-5.000000,0.000000,0.000000,0
0,0,0,103,7,5,3,6,5,0,0,6,5,P,0.000000,0.000000,0.000000,0.000000,0
0,0,0,104,6,5,0,6,4,0,0,6,4,P,0.000000,0.000000,0.000000,0.000000,0
0,0,0,105,6,4,0,6,3,0,0,6,3,P,0.000000,0.000000,0.000000,0.000000,0
0,0,0,106,6,3,1,6,4,0,0,6,4,P,0.000000,0.000000,0.000000,0.000000,0
0,0,0,107,6,4,3,5,4,0,0,5,4,P,0.000000,0.000000,0.000000,0.000000,0
0,0,0,108,5,4,3,4,4,0,0,4,4,P,0.000000,0.000000,0.000000,0.000000,0
0,0,0,109,4,4,0,4,3,0,0,4,3,P,0.000000,0.000000,0.000000,0.000000,0
0,0,0,110,4,3,1,4,4,0,0,4,4,P,0.000000,0.000000,0.000000,0.000000,0
0,0,0,111,4,4,3,3,4,0,0,3,4,P,0.000000,0.000000,0.000000,0.000000,0
0,0,0,112,3,4,1,3,5,0,0,3,5,P,0.000000,0.000000,0.000000,0.000000,0
0,0,0,113,3,5,1,3,6,0,0,3,6,P,0.000000,0.000000,0.000000,0.000000,0
0,0,0,114,3,6,1,3,7,0,0,3,7,P,0.000000,0.000000,0.000000,0.000000,0
0,0,0,115,3,7,0,3,6,0,0,3,6,P,0.000000,0.000000,0.000000,0.000000,0
0,0,0,116,3,6,3,2,6,0,0,2,6,P,0.000000,0.000000,0.000000,0.000000,0
0,0,0,117,2,6,3,1,6,0,0,1,6,P,0.000000,0.000000,0.000000,0.000000,0
0,0,0,118,1,6,2,2,6,0,0,2,6,R,0.000000,0.000000,0.000000,0.000000,0
0,0,0,119,2,6,0,2,5,0,0,2,5,P,0.000000,0.000000,0.000000,0.000000,0
0,0,0,120,2,5,1,2,6,0,0,2,6,R,0.000000,0.000000,0.000000,0.000000,0
0,0,0,121,2,6,2,3,6,0,0,3,6,R,0.000000,0.000000,0.000000,0.000000,0
0,0,0,122,3,6,1,3,7,0,0,3,7,P,0.000000,0.000000,0.000000,0.000000,0
0,0,0,123,3,7,2,4,7,0,0,4,7,P,0.000000,0.000000,0.000000,0.000000,0
0,0,0,124,4,7,2,5,7,0,0,5,7,P,0.000000,0.000000,0.000000,0.000000,0
0,0,0,125,5,7,2,6,7,0,0,6,7,P,0.000000,0.000000,0.000000,0.000000,0
0,0,0,126,6,7,0,6,6,0,0,6,6,P,0.000000,0.000000,0.000000,0.000000,0
0,0,0,127,6,6,3,5,6,0,0,5,6,P,0.000000,0.000000,0.000000,0.000000,0
0,0,0,128,5,6,1,5,7,0,0,5,7,P,0.000000,0.000000,0.000000,0.000000,0
0,0,0,129,5,7,2,6,7,0,0,6,7,P,0.000000,0.000000,0.000000,0.000000,0
0,0,0,130,6,7,3,5,7,0,0,5,7,P,0.000000,0.000000,0.000000,0.000000,0
0,0,0,131,5,7,1,5,7,0,0,5,7,P,0.000000,0.000000,0.000000,0.000000,0
0,0,0,132,5,7,2,6,7,0,0,6,7,P,0.000000,0.000000,0.000000,0.000000,0
0,0,0,133,6,7,0,6,6,0,0,6,6,P,0.000000,0.000000,0.000000,0.000000,0
0,0,0,134,6,6,0,6,5,0,0,6,5,P,0.000000,0.000000,0.000000,0.000000,0
0,0,0,135,6,5,3,5,5,0,0,5,5,P,0.000000,0.000000,0.000000,0.000000,0
0,0,0,136,5,5,1,5,6,0,0,5,6,P,0.000000,0.000000,0.000000,0.000000,0
0,0,0,137,5,6,3,4,6,0,0,4,6,P,0.000000,0.000000,0.000000,0.000000,0
0,0,0,138,4,6,1,4,7,0,0,4,7,P,0.000000,0.000000,0.000000,0.000000,0
0,0,0,139,4,7,0,4,6,0,0,4,6,R,0.000000,0.000000,0.000000,0.000000,0
0,0,0,140,4,6,1,4,7,0,0,4,7,R,0.000000,0.000000,0.000000,0.000000,0
0,0,0,141,4,7,1,4,7,0,0,4,7,P,0.000000,0.000000,0.000000,0.000000,0
0,0,0,142,4,7,3,3,7,0,0,3,7,P,0.000000,0.000000,0.000000,0.000000,0
0,0,0,143,3,7,3,2,7,0,0,2,7,P,0.000000,0.000000,0.000000,0.000000,0
0,0,0,144,2,7,1,2,7,0,0,2,7,P,0.000000,0.000000,0.000000,0.000000,0
0,0,0,145,2,7,0,2,6,0,0,2,6,P,0.000000,0.000000,0.000000,0.000000,0
0,0,0,146,2,6,3,1,6,0,0,1,6,P,0.000000,0.000000,0.000000,0.000000,0
0,0,0,147,1,6,2,2,6,0,0,2,6,P,0.000000,0.000000,0.000000,0.000000,0
0,0,0,148,2,6,1,2,7,0,0,2,7,P,0.000000,0.000000,0.000000,0.000000,0
0,0,0,149,2,7,2,3,7,0,0,3,7,P,0.000000,0.000000,0.000000,0.000000,0
0,0,0,150,3,7,3,2,7,0,0,2,7,P,0.000000,0.000000,0.000000,0.000000,0
0,0,0,151,2,7,2,3,7,0,0,3,7,P,0.000000,0.000000,0.000000,0.000000,0
0,0,0,152,3,7,1,3,7,0,0,3,7,P,0.000000,0.000000,0.000000,0.000000,0
0,0,0,153,3,7,0,3,6,0,0,3,6,P,0.000000,0.000000,0.000000,0.000000,0
0,0,0,154,3,6,2,4,6,0,0,4,6,P,0.000000,0.000000,0.000000,0.000000,0
0,0,0,155,4,6,0,4,5,0,0,4,5,P,0.000000,0.000000,0.000000,0.000000,0
0,0,0,156,4,5,0,4,4,0,0,4,4,P,0.000000,0.000000,0.000000,0.000000,0
0,0,0,157,4,4,0,4,3,0,0,4,3,P,0.000000,0.000000,0.000000,0.000000,0
0,0,0,158,4,3,2,5,3,0,0,5,3,P,0.000000,0.000000,0.000000,0.000000,0
0,0,0,159,5,3,2,6,3,0,0,6,3,P,0.000000,0.000000,0.000000,0.000000,0
0,0,0,160,6,3,1,6,4,0,0,6,4,P,0.000000,0.000000,0.000000,0.000000,0
0,0,0,161,6,4,2,7,4,0,0,7,4,P,0.000000,0.000000,0.000000,0.000000,0
0,0,0,162,7,4,1,7,5,0,0,7,5,P,0.000000,0.000000,0.000000,0.000000,0
0,0,0,163,7,5,2,7,5,0,0,7,5,P,0.000000,0.000000,0.000000,0.000000,0
0,0,0,164,7,5,0,7,4,0,0,7,4,P,0.000000,0.000000,0.000000,0.000000,0
0,0,0,165,7,4,0,7,3,0,0,7,3,P,0.000000,0.000000,0.000000,0.000000,0
0,0,0,166,7,3,1,7,4,0,0,7,4,P,0.000000,0.000000,0.000000,0.000000,0
0,0,0,167,7,4,0,7,3,0,0,7,3,P,0.000000,0.000000,0.000000,0.000000,0
0,0,0,168,7,3,0,7,2,0,0,7,2,P,0.000000,0.000000,0.000000,0.000000,0
0,0,0,169,7,2,0,7,1,0,0,7,1,P,0.000000,0.000000,0.000000,0.000000,0
0,0,0,170,7,1,1,7,2,0,0,7,2,P,0.000000,0.000000,0.000000,0.000000,0
0,0,0,171,7,2,2,7,2,0,0,7,2,P,0.000000,0.000000,0.000000,0.000000,0
0,0,0,172,7,2,2,7,2,0,0,7,2,P,0.000000,0.000000,0.000000,0.000000,0
0,0,0,173,7,2,1,7,3,0,0,7,3,P,0.000000,0.000000,0.000000,0.000000,0
0,0,0,174,7,3,3,6,3,0,0,6,3,P,0.000000,0.000000,0.000000,0.000000,0
0,0,0,175,6,3,0,6,2,0,0,6,2,P,0.000000,0.000000,0.000000,0.000000,0
0,0,0,176,6,2,3,5,2,0,0,5,2,P,0.000000,0.000000,0.000000,0.000000,0
0,0,0,177,5,2,2,6,2,0,0,6,2,P,0.000000,0.000000,0.000000,0.000000,0
0,0,0,178,6,2,3,5,2,0,0,5,2,P,0.000000,0.000000,0.000000,0.000000,0
0,0,0,179,5,2,2,6,2,0,0,6,2,P,0.000000,0.000000,0.000000,0.000000,0
0,0,0,180,6,2,0,6,1,0,0,6,1,P,0.000000,0.000000,0.000000,0.000000,0
0,0,0,181,6,1,1,6,2,0,0,6,2,P,0.000000,0.000000,0.000000,0.000000,0
0,0,0,182,6,2,0,6,1,0,0,6,1,P,0.000000,0.000000,0.000000,0.000000,0
0,0,0,183,6,1,3,5,1,0,0,5,1,P,0.000000,0.000000,0.000000,0.000000,0
0,0,0,184,5,1,2,6,1,0,0,6,1,P,0.000000,0.000000,0.000000,0.000000,0
0,0,0,185,6,1,3,5,1,0,0,5,1,P,0.000000,0.000000,0.000000,0.000000,0
0,0,0,186,5,1,3,4,1,0,0,4,1,P,0.000000,0.000000,0.000000,0.000000,0
0,0,0,187,4,1,2,5,1,0,0,5,1,P,0.000000,0.000000,0.000000,0.000000,0
0,0,0,188,5,1,2,6,1,0,0,6,1,P,0.000000,0.000000,0.000000,0.000000,0
0,0,0,189,6,1,3,5,1,0,0,5,1,P,0.000000,0.000000,0.000000,0.000000,0
0,0,0,190,5,1,0,5,0,0,0,5,0,P,0.000000,0.000000,0.000000,0.000000,0
0,0,0,191,5,0,2,6,0,0,0,6,0,P,0.000000,0.000000,0.000000,0.000000,0
0,0,0,192,6,0,3,5,0,0,0,5,0,P,0.000000,0.000000,0.000000,0.000000,0
0,0,0,193,5,0,0,5,0,0,0,5,0,P,0.000000,0.000000,0.000000,0.000000,0
0,0,0,194,5,0,3,4,0,0,0,4,0,P,0.000000,0.000000,0.000000,0.000000,0
0,0,0,195,4,0,2,5,0,0,0,5,0,P,0.000000,0.000000,0.000000,0.000000,0
0,0,0,196,5,0,3,4,0,0,0,4,0,P,0.000000,0.000000,0.000000,0.000000,0
0,0,0,197,4,0,1,4,1,0,0,4,1,P,0.000000,0.000000,0.000000,0.000000,0
0,0,0,198,4,1,3,3,1,0,0,3,1,P,0.000000,0.000000,0.000000,0.000000,0
0,0,0,199,3,1,1,3,2,0,0,3,2,P,0.000000,0.000000,0.000000,0.000000,0
0,0,0,200,3,2,0,3,1,0,0,3,1,P,0.000000,0.000000,0.000000,0.000000,0
0,0,0,201,3,1,3,2,1,0,0,2,1,P,0.000000,0.000000,0.000000,0.000000,0
0,0,0,202,2,1,3,1,1,0,0,1,1,P,0.000000,0.000000,0.000000,0.000000,0
0,0,0,203,1,1,0,1,0,0,0,1,0,P,2.250000,0.000000,0.000000,0.000000,0
0,0,0,204,1,0,3,0,0,10,10,7,7,P,0.000000,0.000000,0.000000,7.500000,0
0,0,0,205,7,7,2,7,7,0,0,7,7,P,0.000000,0.000000,0.000000,0.000000,0
0,0,0,206,7,7,0,7,6,0,0,7,6,P,0.000000,0.000000,0.000000,0.000000,0
0,0,0,207,7,6,0,7,5,0,0,7,5,P,0.000000,-5.000000,0.000000,0.000000,0
0,0,0,208,7,5,2,7,5,0,0,7,5,P,0.000000,0.000000,0.000000,0.000000,0
0,0,0,209,7,5,3,6,5,0,0,6,5,P,0.000000,0.000000,0.000000,0.000000,0
0,0,0,210,6,5,0,6,4,0,0,6,4,P,0.000000,0.000000,0.000000,0.000000,0
0,0,0,211,6,4,0,6,3,0,0,6,3,P,0.000000,0.000000,0.000000,0.000000,0
0,0,0,212,6,3,2,7,3,0,0,7,3,P,0.000000,0.000000,0.000000,0.000000,0
0,0,0,213,7,3,0,7,2,0,0,7,2,P,0.000000,0.000000,0.000000,0.000000,0
0,0,0,214,7,2,0,7,1,0,0,7,1,P,0.000000,0.000000,0.000000,0.000000,0
0,0,0,215,7,1,0,7,0,0,0,7,0,P,0.000000,0.000000,0.000000,0.000000,0
0,0,0,216,7,0,3,6,0,0,0,6,0,P,0.000000,0.000000,0.000000,0.000000,0
0,0,0,217,6,0,0,6,0,0,0,6,0,P,0.000000,0.000000,0.000000,0.000000,0
0,0,0,218,6,0,0,6,0,0,0,6,0,P,0.000000,0.000000,0.000000,0.000000,0
0,0,0,219,6,0,3,5,0,0,0,5,0,P,0.000000,0.000000,0.000000,0.000000,0
0,0,0,220,5,0,3,4,0,0,0,4,0,P,0.000000,0.000000,0.000000,0.000000,0
0,0,0,221,4,0,2,5,0,0,0,5,0,P,0.000000,0.000000,0.000000,0.000000,0
0,0,0,222,5,0,3,4,0,0,0,4,0,P,0.000000,0.000000,0.000000,0.000000,0
0,0,0,223,4,0,3,3,0,0,0,3,0,P,0.000000,0.000000,0.000000,0.000000,0
0,0,0,224,3,0,0,3,0,0,0,3,0,P,0.000000,0.000000,0.000000,0.000000,0
0,0,0,225,3,0,3,2,0,0,0,2,0,P,0.000000,0.000000,0.000000,0.000000,0
0,0,0,226,2,0,0,2,0,0,0,2,0,P,0.000000,0.000000,0.000000,0.000000,0
0,0,0,227,2,0,2,3,0,0,0,3,0,R,0.000000,0.000000,0.000000,0.000000,0
0,0,0,228,3,0,0,3,0,0,0,3,0,P,0.000000,0.000000,0.000000,0.000000,0
0,0,0,229,3,0,2,4,0,0,0,4,0,P,0.000000,0.000000,0.000000,0.000000,0
0,0,0,230,4,0,0,4,0,0,0,4,0,P,0.000000,0.000000,0.000000,0.000000,0
0,0,0,231,4,0,0,4,0,0,0,4,0,P,0.000000,0.000000,0.000000,0.000000,0
0,0,0,232,4,0,1,4,1,0,0,4,1,P,0.000000,0.000000,0.000000,0.000000,0
0,0,0,233,4,1,3,3,1,0,0,3,1,P,0.000000,0.000000,0.000000,0.000000,0
0,0,0,234,3,1,2,4,1,0,0,4,1,P,0.000000,0.000000,0.000000,0.000000,0
0,0,0,235,4,1,0,4,0,0,0,4,0,P,0.000000,0.000000,0.000000,0.000000,0
0,0,0,236,4,0,2,5,0,0,0,5,0,P,0.000000,0.000000,0.000000,0.000000,0
0,0,0,237,5,0,1,5,1,0,0,5,1,R,0.000000,0.000000,0.000000,0.000000,0
0,0,0,238,5,1,3,4,1,0,0,4,1,P,0.000000,0.000000,0.000000,0.000000,0
0,0,0,239,4,1,0,4,0,0,0,4,0,P,0.000000,0.000000,0.000000,0.000000,0
0,0,0,240,4,0,2,5,0,0,0,5,0,P,0.000000,0.000000,0.000000,0.000000,0
0,0,0,241,5,0,3,4,0,0,0,4,0,P,0.000000,0.000000,0.000000,0.000000,0
0,0,0,242,4,0,0,4,0,0,0,4,0,P,0.000000,0.000000,0.000000,0.000000,0
0,0,0,243,4,0,1,4,1,0,0,4,1,P,0.000000,0.000000,0.000000,0.000000,0
0,0,0,244,4,1,1,4,2,0,0,4,2,P,0.000000,0.000000,0.000000,0.000000,0
0,0,0,245,4,2,2,5,2,0,0,5,2,P,0.000000,0.000000,0.000000,0.000000,0
0,0,0,246,5,2,3,4,2,0,0,4,2,P,0.000000,0.000000,0.000000,0.000000,0
0,0,0,247,4,2,1,4,3,0,0,4,3,P,0.000000,0.000000,0.000000,0.000000,0
0,0,0,248,4,3,0,4,2,0,0,4,2,P,0.000000,0.000000,0.000000,0.000000,0
0,0,0,249,4,2,0,4,1,0,0,4,1,P,0.000000,0.000000,0.000000,0.000000,0
0,0,0,250,4,1,2,5,1,0,0,5,1,P,0.000000,0.000000,0.000000,0.000000,0
0,0,0,251,5,1,0,5,0,0,0,5,0,P,0.000000,0.000000,0.000000,0.000000,0
0,0,0,252,5,0,2,6,0,0,0,6,0,P,0.000000,0.000000,0.000000,0.000000,0
0,0,0,253,6,0,3,5,0,0,0,5,0,P,0.000000,0.000000,0.000000,0.000000,0
0,0,0,254,5,0,3,4,0,0,0,4,0,P,0.000000,0.000000,0.000000,0.000000,0
0,0,0,255,4,0,0,4,0,0,0,4,0,P,0.000000,0.000000,0.000000,0.000000,0
0,0,0,256,4,0,3,3,0,0,0,3,0,P,0.000000,0.000000,0.000000,0.000000,0
0,0,0,257,3,0,3,2,0,0,0,2,0,P,0.000000,0.000000,0.000000,0.000000,0
0,0,0,258,2,0,2,3,0,0,0,3,0,P,0.000000,0.000000,0.000000,0.000000,0
0,0,0,259,3,0,0,3,0,0,0,3,0,P,0.000000,0.000000,0.000000,0.000000,0
0,0,0,260,3,0,3,2,0,0,0,2,0,P,0.000000,0.000000,0.000000,0.000000,0
0,0,0,261,2,0,0,2,0,0,0,2,0,P,0.000000,0.000000,0.000000,0.000000,0
0,0,0,262,2,0,2,3,0,0,0,3,0,P,0.000000,0.000000,0.000000,0.000000,0
0,0,0,263,3,0,0,3,0,0,0,3,0,P,0.000000,0.000000,0.000000,0.000000,0
0,0,0,264,3,0,1,3,1,0,0,3,1,P,0.000000,0.000000,0.000000,0.000000,0
0,0,0,265,3,1,0,3,0,0,0,3,0,P,0.000000,0.000000,0.000000,0.000000,0
0,0,0,266,3,0,1,3,1,0,0,3,1,P,0.000000,0.000000,0.000000,0.000000,0
0,0,0,267,3,1,1,3,2,0,0,3,2,P,0.000000,0.000000,0.000000,0.000000,0
0,0,0,268,3,2,2,4,2,0,0,4,2,P,0.000000,0.000000,0.000000,0.000000,0
0,0,0,269,4,2,2,5,2,0,0,5,2,P,0.000000,0.000000,0.000000,0.000000,0
0,0,0,270,5,2,0,5,1,0,0,5,1,P,0.000000,0.000000,0.000000,0.000000,0
0,0,0,271,5,1,2,6,1,0,0,6,1,P,0.000000,0.000000,0.000000,0.000000,0
0,0,0,272,6,1,1,6,2,0,0,6,2,P,0.000000,0.000000,0.000000,0.000000,0
0,0,0,273,6,2,2,7,2,0,0,7,2,R,0.000000,0.000000,0.000000,0.000000,0
0,0,0,274,7,2,1,7,3,0,0,7,3,P,0.000000,0.000000,0.000000,0.000000,0
0,0,0,275,7,3,3,6,3,0,0,6,3,P,0.000000,0.000000,0.000000,0.000000,0
0,0,0,276,6,3,3,5,3,0,0,5,3,P,0.000000,0.000000,0.000000,0.000000,0
0,0,0,277,5,3,2,6,3,0,0,6,3,P,0.000000,0.000000,0.000000,0.000000,0
0,0,0,278,6,3,0,6,2,0,0,6,2,P,0.000000,0.000000,0.000000,0.000000,0
0,0,0,279,6,2,2,7,2,0,0,7,2,P,0.000000,0.000000,0.000000,0.000000,0
0,0,0,280,7,2,0,7,1,0,0,7,1,P,0.000000,0.000000,0.000000,0.000000,0
0,0,0,281,7,1,1,7,2,0,0,7,2,P,0.000000,0.000000,0.000000,0.000000,0
0,0,0,282,7,2,1,7,3,0,0,7,3,P,0.000000,0.000000,0.000000,0.000000,0
0,0,0,283,7,3,1,7,4,0,0,7,4,P,0.000000,0.000000,0.000000,0.000000,0
0,0,0,284,7,4,3,6,4,0,0,6,4,P,0.000000,0.000000,0.000000,0.000000,0
0,0,0,285,6,4,3,5,4,0,0,5,4,P,0.000000,0.000000,0.000000,0.000000,0
0,0,0,286,5,4,1,5,5,0,0,5,5,P,0.000000,0.000000,0.000000,0.000000,0
0,0,0,287,5,5,2,6,5,0,0,6,5,P,0.000000,0.000000,0.000000,0.000000,0
0,0,0,288,6,5,1,6,6,0,0,6,6,P,0.000000,0.000000,0.000000,0.000000,0
0,0,0,289,6,6,3,5,6,0,0,5,6,P,0.000000,0.000000,0.000000,0.000000,0
0,0,0,290,5,6,1,5,7,0,0,5,7,P,0.000000,0.000000,0.000000,0.000000,0
0,0,0,291,5,7,3,4,7,0,0,4,7,P,0.000000,0.000000,0.000000,0.000000,0
0,0,0,292,4,7,2,5,7,0,0,5,7,P,0.000000,0.000000,0.000000,0.000000,0
0,0,0,293,5,7,1,5,7,0,0,5,7,P,0.000000,0.000000,0.000000,0.000000,0
0,0,0,294,5,7,1,5,7,0,0,5,7,P,0.000000,0.000000,0.000000,0.000000,0
0,0,0,295,5,7,0,5,6,0,0,5,6,P,0.000000,0.000000,0.000000,0.000000,0
0,0,0,296,5,6,2,6,6,0,0,6,6,P,0.000000,0.000000,0.000000,0.000000,0
0,0,0,297,6,6,3,5,6,0,0,5,6,P,0.000000,0.000000,0.000000,0.000000,0
0,0,0,298,5,6,2,6,6,0,0,6,6,P,0.000000,0.000000,0.000000,0.000000,0
0,0,0,299,6,6,1,6,7,0,0,6,7,P,0.000000,0.000000,0.000000,0.000000,0
0,0,0,300,6,7,3,5,7,0,0,5,7,P,0.000000,0.000000,0.000000,0.000000,0
0,0,0,301,5,7,1,5,7,0,0,5,7,P,0.000000,0.000000,0.000000,0.000000,0
0,0,0,302,5,7,2,6,7,0,0,6,7,P,0.000000,0.000000,0.000000,0.000000,0
0,0,0,303,6,7,0,6,6,0,0,6,6,P,0.000000,0.000000,0.000000,0.000000,0
0,0,0,304,6,6,2,7,6,0,0,7,6,P,0.000000,0.000000,0.000000,0.000000,0
0,0,0,305,7,6,2,7,6,0,0,7,6,P,0.000000,-5.000000,0.000000,0.000000,0
0,0,0,306,7,6,0,7,5,0,0,7,5,P,0.000000,-5.000000,0.000000,0.000000,0
0,0,0,307,7,5,2,7,5,0,0,7,5,P,0.000000,0.000000,0.000000,0.000000,0
0,0,0,308,7,5,1,7,6,0,0,7,6,P,0.000000,0.000000,0.000000,0.000000,0
0,0,0,309,7,6,0,7,5,0,0,7,5,P,0.000000,-5.000000,0.000000,0.000000,0
0,0,0,310,7,5,0,7,4,0,0,7,4,P,0.000000,0.000000,0.000000,0.000000,0
0,0,0,311,7,4,3,6,4,0,0,6,4,P,0.000000,0.000000,0.000000,0.000000,0
0,0,0,312,6,4,0,6,3,0,0,6,3,P,0.000000,0.000000,0.000000,0.000000,0
0,0,0,313,6,3,3,5,3,0,0,5,3,P,0.000000,0.000000,0.000000,0.000000,0
0,0,0,314,5,3,0,5,2,0,0,5,2,P,0.000000,0.000000,0.000000,0.000000,0
0,0,0,315,5,2,1,5,3,0,0,5,3,P,0.000000,0.000000,0.000000,0.000000,0
0,0,0,316,5,3,0,5,2,0,0,5,2,P,0.000000,0.000000,0.000000,0.000000,0
0,0,0,317,5,2,0,5,1,0,0,5,1,P,0.000000,0.000000,0.000000,0.000000,0
0,0,0,318,5,1,0,5,0,0,0,5,0,P,0.000000,0.000000,0.000000,0.000000,0
0,0,0,319,5,0,0,5,0,0,0,5,0,P,0.000000,0.000000,0.000000,0.000000,0
0,0,0,320,5,0,2,6,0,0,0,6,0,P,0.000000,0.000000,0.000000,0.000000,0
0,0,0,321,6,0,2,7,0,0,0,7,0,P,0.000000,0.000000,0.000000,0.000000,0
0,0,0,322,7,0,3,6,0,0,0,6,0,P,0.000000,0.000000,0.000000,0.000000,0
0,0,0,323,6,0,1,6,1,0,0,6,1,P,0.000000,0.000000,0.000000,0.000000,0
0,0,0,324,6,1,2,7,1,0,0,7,1,P,0.000000,0.000000,0.000000,0.000000,0
0,0,0,325,7,1,1,7,2,0,0,7,2,P,0.000000,0.000000,0.000000,0.000000,0
0,0,0,326,7,2,0,7,1,0,0,7,1,P,0.000000,0.000000,0.000000,0.000000,0
0,0,0,327,7,1,3,6,1,0,0,6,1,P,0.000000,0.000000,0.000000,0.000000,0
0,0,0,328,6,1,3,5,1,0,0,5,1,P,0.000000,0.000000,0.000000,0.000000,0
0,0,0,329,5,1,1,5,2,0,0,5,2,P,0.000000,0.000000,0.000000,0.000000,0
0,0,0,330,5,2,1,5,3,0,0,5,3,P,0.000000,0.000000,0.000000,0.000000,0
0,0,0,331,5,3,1,5,4,0,0,5,4,P,0.000000,0.000000,0.000000,0.000000,0
0,0,0,332,5,4,3,4,4,0,0,4,4,R,0.000000,0.000000,0.000000,0.000000,0
0,0,0,333,4,4,2,5,4,0,0,5,4,P,0.000000,0.000000,0.000000,0.000000,0
0,0,0,334,5,4,2,6,4,0,0,6,4,R,0.000000,0.000000,0.000000,0.000000,0
0,0,0,335,6,4,1,6,5,0,0,6,5,P,0.000000,0.000000,0.000000,0.000000,0
0,0,0,336,6,5,1,6,6,0,0,6,6,P,0.000000,0.000000,0.000000,0.000000,0
0,0,0,337,6,6,1,6,7,0,0,6,7,P,0.000000,0.000000,0.000000,0.000000,0
0,0,0,338,6,7,2,7,7,-10,-10,0,0,P,0.000000,0.000000,-5.000000,0.000000,0
0,0,0,339,0,0,1,0,1,0,0,0,1,P,0.000000,0.000000,0.000000,0.000000,0
0,0,0,340,0,1,1,0,2,0,0,0,2,P,0.000000,0.000000,0.000000,0.000000,0
0,0,0,341,0,2,0,0,1,0,0,0,1,P,0.000000,0.000000,0.000000,0.000000,0
0,0,0,342,0,1,0,0,0,10,10,7,7,P,5.000000,0.000000,0.000000,0.000000,0
0,0,0,343,7,7,2,7,7,0,0,7,7,P,0.000000,0.000000,0.000000,0.000000,0
0,0,0,344,7,7,3,6,7,0,0,6,7,R,0.000000,0.000000,0.000000,0.000000,0
0,0,0,345,6,7,3,5,7,0,0,5,7,P,0.000000,0.000000,-5.000000,0.000000,0
0,0,0,346,5,7,2,6,7,0,0,6,7,P,0.000000,0.000000,0.000000,0.000000,0
0,0,0,347,6,7,0,6,6,0,0,6,6,P,0.000000,0.000000,-5.000000,0.000000,0
0,0,0,348,6,6,1,6,7,0,0,6,7,P,0.000000,0.000000,0.000000,0.000000,0
0,0,0,349,6,7,0,6,6,0,0,6,6,P,0.000000,0.000000,-5.000000,0.000000,0
0,0,0,350,6,6,3,5,6,0,0,5,6,P,0.000000,0.000000,0.000000,0.000000,0
0,0,0,351,5,6,3,4,6,0,0,4,6,P,0.000000,0.000000,0.000000,0.000000,0
0,0,0,352,4,6,3,3,6,0,0,3,6,P,0.000000,0.000000,0.000000,0.000000,0
0,0,0,353,3,6,1,3,7,0,0,3,7,P,0.000000,0.000000,0.000000,0.000000,0
0,0,0,354,3,7,2,4,7,0,0,4,7,P,0.000000,0.000000,0.000000,0.000000,0
0,0,0,355,4,7,1,4,7,0,0,4,7,P,0.000000,0.000000,0.000000,0.000000,0
0,0,0,356,4,7,2,5,7,0,0,5,7,P,0.000000,0.000000,0.000000,0.000000,0
0,0,0,357,5,7,3,4,7,0,0,4,7,P,0.000000,0.000000,0.000000,0.000000,0
0,0,0,358,4,7,2,5,7,0,0,5,7,P,0.000000,0.000000,0.000000,0.000000,0
0,0,0,359,5,7,0,5,6,0,0,5,6,P,0.000000,0.000000,0.000000,0.000000,0
0,0,0,360,5,6,3,4,6,0,0,4,6,R,0.000000,0.000000,0.000000,0.000000,0
0,0,0,361,4,6,1,4,7,0,0,4,7,P,0.000000,0.000000,0.000000,0.000000,0
0,0,0,362,4,7,0,4,6,0,0,4,6,P,0.000000,0.000000,0.000000,0.000000,0
0,0,0,363,4,6,0,4,5,0,0,4,5,P,0.000000,0.000000,0.000000,0.000000,0
0,0,0,364,4,5,1,4,6,0,0,4,6,P,0.000000,0.000000,0.000000,0.000000,0
0,0,0,365,4,6,0,4,5,0,0,4,5,P,0.000000,0.000000,0.000000,0.000000,0
0,0,0,366,4,5,2,5,5,0,0,5,5,P,0.000000,0.000000,0.000000,0.000000,0
0,0,0,367,5,5,2,6,5,0,0,6,5,P,0.000000,0.000000,0.000000,0.000000,0
0,0,0,368,6,5,2,7,5,0,0,7,5,P,0.000000,0.000000,0.000000,0.000000,0
0,0,0,369,7,5,3,6,5,0,0,6,5,P,0.000000,0.000000,0.000000,0.000000,0
0,0,0,370,6,5,2,7,5,0,0,7,5,P,0.000000,0.000000,0.000000,0.000000,0
0,0,0,371,7,5,0,7,4,0,0,7,4,P,0.000000,0.000000,0.000000,0.000000,0
0,0,0,372,7,4,3,6,4,0,0,6,4,P,0.000000,0.000000,0.000000,0.000000,0
0,0,0,373,6,4,1,6,5,0,0,6,5,P,0.000000,0.000000,0.000000,0.000000,0
0,0,0,374,6,5,3,5,5,0,0,5,5,P,0.000000,0.000000,0.000000,0.000000,0
0,0,0,375,5,5,3,4,5,0,0,4,5,P,0.000000,0.000000,0.000000,0.000000,0
0,0,0,376,4,5,1,4,6,0,0,4,6,P,0.000000,0.000000,0.000000,0.000000,0
0,0,0,377,4,6,2,5,6,0,0,5,6,P,0.000000,0.000000,0.000000,0.000000,0
0,0,0,378,5,6,0,5,5,0,0,5,5,P,0.000000,0.000000,0.000000,0.000000,0
0,0,0,379,5,5,0,5,4,0,0,5,4,P,0.000000,0.000000,0.000000,0.000000,0
0,0,0,380,5,4,0,5,3,0,0,5,3,P,0.000000,0.000000,0.000000,0.000000,0
0,0,0,381,5,3,3,4,3,0,0,4,3,P,0.000000,0.000000,0.000000,0.000000,0
0,0,0,382,4,3,0,4,2,0,0,4,2,P,0.000000,0.000000,0.000000,0.000000,0
0,0,0,383,4,2,3,3,2,0,0,3,2,P,0.000000,0.000000,0.000000,0.000000,0
0,0,0,384,3,2,0,3,1,0,0,3,1,P,0.000000,0.000000,0.000000,0.000000,0
0,0,0,385,3,1,3,2,1,0,0,2,1,P,0.000000,0.000000,0.000000,0.000000,0
0,0,0,386,2,1,0,2,0,0,0,2,0,P,0.000000,0.000000,0.000000,0.000000,0
0,0,0,387,2,0,3,1,0,0,0,1,0,P,0.000000,0.000000,0.000000,3.375000,0
0,0,0,388,1,0,3,0,0,10,10,7,7,P,0.000000,0.000000,0.000000,8.750000,0
0,0,0,389,7,7,3,6,7,0,0,6,7,P,0.000000,0.000000,0.000000,0.000000,0
0,0,0,390,6,7,1,6,7,0,0,6,7,P,0.000000,0.000000,-5.000000,0.000000,0
0,0,0,391,6,7,3,5,7,0,0,5,7,P,0.000000,0.000000,-5.000000,0.000000,0
0,0,0,392,5,7,0,5,6,0,0,5,6,P,0.000000,0.000000,0.000000,0.000000,0
0,0,0,393,5,6,0,5,5,0,0,5,5,P,0.000000,0.000000,0.000000,0.000000,0
0,0,0,394,5,5,1,5,6,0,0,5,6,P,0.000000,0.000000,0.000000,0.000000,0
0,0,0,395,5,6,1,5,7,0,0,5,7,P,0.000000,0.000000,0.000000,0.000000,0
0,0,0,396,5,7,0,5,6,0,0,5,6,P,0.000000,0.000000,0.000000,0.000000,0
0,0,0,397,5,6,3,4,6,0,0,4,6,P,0.000000,0.000000,0.000000,0.000000,0
0,0,0,398,4,6,1,4,7,0,0,4,7,P,0.000000,0.000000,0.000000,0.000000,0
0,0,0,399,4,7,1,4,7,0,0,4,7,P,0.000000,0.000000,0.000000,0.000000,0
0,0,0,400,4,7,1,4,7,0,0,4,7,P,0.000000,0.000000,0.000000,0.000000,0
0,0,0,401,4,7,1,4,7,0,0,4,7,P,0.000000,0.000000,0.000000,0.000000,0
0,0,0,402,4,7,3,3,7,0,0,3,7,P,0.000000,0.000000,0.000000,0.000000,0
0,0,0,403,3,7,1,3,7,0,0,3,7,P,0.000000,0.000000,0.000000,0.000000,0
0,0,0,404,3,7,1,3,7,0,0,3,7,P,0.000000,0.000000,0.000000,0.000000,0
0,0,0,405,3,7,1,3,7,0,0,3,7,P,0.000000,0.000000,0.000000,0.000000,0
0,0,0,406,3,7,1,3,7,0,0,3,7,P,0.000000,0.000000,0.000000,0.000000,0
0,0,0,407,3,7,1,3,7,0,0,3,7,P,0.000000,0.000000,0.000000,0.000000,0
0,0,0,408,3,7,1,3,7,0,0,3,7,P,0.000000,0.000000,0.000000,0.000000,0
0,0,0,409,3,7,0,3,6,0,0,3,6,P,0.000000,0.000000,0.000000,0.000000,0
0,0,0,410,3,6,3,2,6,0,0,2,6,P,0.000000,0.000000,0.000000,0.000000,0
0,0,0,411,2,6,3,1,6,0,0,1,6,P,0.000000,0.000000,0.000000,0.000000,0
0,0,0,412,1,6,2,2,6,0,0,2,6,P,0.000000,0.000000,0.000000,0.000000,0
0,0,0,413,2,6,0,2,5,0,0,2,5,P,0.000000,0.000000,0.000000,0.000000,0
0,0,0,414,2,5,0,2,4,0,0,2,4,P,0.000000,0.000000,0.000000,0.000000,0
0,0,0,415,2,4,1,2,5,0,0,2,5,P,0.000000,0.000000,0.000000,0.000000,0
0,0,0,416,2,5,0,2,4,0,0,2,4,P,0.000000,0.000000,0.000000,0.000000,0
0,0,0,417,2,4,0,2,3,0,0,2,3,R,0.000000,0.000000,0.000000,0.000000,0
0,0,0,418,2,3,0,2,2,0,0,2,2,P,0.000000,0.000000,0.000000,0.000000,0
0,0,0,419,2,2,2,3,2,0,0,3,2,P,0.000000,0.000000,0.000000,0.000000,0
0,0,0,420,3,2,3,2,2,0,0,2,2,P,0.000000,0.000000,0.000000,0.000000,0
0,0,0,421,2,2,2,3,2,0,0,3,2,P,0.000000,0.000000,0.000000,0.000000,0
0,0,0,422,3,2,3,2,2,0,0,2,2,P,0.000000,0.000000,0.000000,0.000000,0
0,0,0,423,2,2,1,2,3,0,0,2,3,P,0.000000,0.000000,0.000000,0.000000,0
0,0,0,424,2,3,0,2,2,0,0,2,2,P,0.000000,0.000000,0.000000,0.000000,0
0,0,0,425,2,2,2,3,2,0,0,3,2,P,0.000000,0.000000,0.000000,0.000000,0
0,0,0,426,3,2,2,4,2,0,0,4,2,R,0.000000,0.000000,0.000000,0.000000,0
0,0,0,427,4,2,2,5,2,0,0,5,2,P,0.000000,0.000000,0.000000,0.000000,0
0,0,0,428,5,2,3,4,2,0,0,4,2,P,0.000000,0.000000,0.000000,0.000000,0
0,0,0,429,4,2,3,3,2,0,0,3,2,P,0.000000,0.000000,0.000000,0.000000,0
0,0,0,430,3,2,2,4,2,0,0,4,2,P,0.000000,0.000000,0.000000,0.000000,0
0,0,0,431,4,2,0,4,1,0,0,4,1,P,0.000000,0.000000,0.000000,0.000000,0
0,0,0,432,4,1,3,3,1,0,0,3,1,P,0.000000,0.000000,0.000000,0.000000,0
0,0,0,433,3,1,2,4,1,0,0,4,1,P,0.000000,0.000000,0.000000,0.000000,0
0,0,0,434,4,1,2,5,1,0,0,5,1,P,0.000000,0.000000,0.000000,0.000000,0
0,0,0,435,5,1,3,4,1,0,0,4,1,P,0.000000,0.000000,0.000000,0.000000,0
0,0,0,436,4,1,2,5,1,0,0,5,1,P,0.000000,0.000000,0.000000,0.000000,0
0,0,0,437,5,1,0,5,0,0,0,5,0,P,0.000000,0.000000,0.000000,0.000000,0
0,0,0,438,5,0,1,5,1,0,0,5,1,P,0.000000,0.000000,0.000000,0.000000,0
0,0,0,439,5,1,1,5,2,0,0,5,2,P,0.000000,0.000000,0.000000,0.000000,0
0,0,0,440,5,2,3,4,2,0,0,4,2,P,0.000000,0.000000,0.000000,0.000000,0
0,0,0,441,4,2,1,4,3,0,0,4,3,P,0.000000,0.000000,0.000000,0.000000,0
0,0,0,442,4,3,2,5,3,0,0,5,3,P,0.000000,0.000000,0.000000,0.000000,0
0,0,0,443,5,3,3,4,3,0,0,4,3,P,0.000000,0.000000,0.000000,0.000000,0
0,0,0,444,4,3,0,4,2,0,0,4,2,P,0.000000,0.000000,0.000000,0.000000,0
0,0,0,445,4,2,2,5,2,0,0,5,2,P,0.000000,0.000000,0.000000,0.000000,0
0,0,0,446,5,2,0,5,1,0,0,5,1,P,0.000000,0.000000,0.000000,0.000000,0
0,0,0,447,5,1,0,5,0,0,0,5,0,P,0.000000,0.000000,0.000000,0.000000,0
0,0,0,448,5,0,0,5,0,0,0,5,0,P,0.000000,0.000000,0.000000,0.000000,0
0,0,0,449,5,0,0,5,0,0,0,5,0,P,0.000000,0.000000,0.000000,0.000000,0
0,0,0,450,5,0,1,5,1,0,0,5,1,P,0.000000,0.000000,0.000000,0.000000,0
0,0,0,451,5,1,2,6,1,0,0,6,1,P,0.000000,0.000000,0.000000,0.000000,0
0,0,0,452,6,1,0,6,0,0,0,6,0,P,0.000000,0.000000,0.000000,0.000000,0
0,0,0,453,6,0,1,6,1,0,0,6,1,P,0.000000,0.000000,0.000000,0.000000,0
0,0,0,454,6,1,0,6,0,0,0,6,0,P,0.000000,0.000000,0.000000,0.000000,0
0,0,0,455,6,0,1,6,1,0,0,6,1,P,0.000000,0.000000,0.000000,0.000000,0
0,0,0,456,6,1,1,6,2,0,0,6,2,P,0.000000,0.000000,0.000000,0.000000,0
0,0,0,457,6,2,0,6,1,0,0,6,1,P,0.000000,0.000000,0.000000,0.000000,0
0,0,0,458,6,1,1,6,2,0,0,6,2,P,0.000000,0.000000,0.000000,0.000000,0
0,0,0,459,6,2,1,6,3,0,0,6,3,P,0.000000,0.000000,0.000000,0.000000,0
0,0,0,460,6,3,3,5,3,0,0,5,3,P,0.000000,0.000000,0.000000,0.000000,0
0,0,0,461,5,3,1,5,4,0,0,5,4,P,0.000000,0.000000,0.000000,0.000000,0
0,0,0,462,5,4,2,6,4,0,0,6,4,P,0.000000,0.000000,0.000000,0.000000,0
0,0,0,463,6,4,2,7,4,0,0,7,4,P,0.000000,0.000000,0.000000,0.000000,0
0,0,0,464,7,4,2,7,4,0,0,7,4,P,0.000000,0.000000,0.000000,0.000000,0
0,0,0,465,7,4,1,7,5,0,0,7,5,P,0.000000,0.000000,0.000000,0.000000,0
0,0,0,466,7,5,2,7,5,0,0,7,5,P,0.000000,0.000000,0.000000,0.000000,0
0,0,0,467,7,5,1,7,6,0,0,7,6,P,0.000000,0.000000,0.000000,0.000000,0
0,0,0,468,7,6,0,7,5,0,0,7,5,P,0.000000,-5.000000,0.000000,0.000000,0
0,0,0,469,7,5,0,7,4,0,0,7,4,P,0.000000,0.000000,0.000000,0.000000,0
0,0,0,470,7,4,3,6,4,0,0,6,4,P,0.000000,0.000000,0.000000,0.000000,0
0,0,0,471,6,4,3,5,4,0,0,5,4,P,0.000000,0.000000,0.000000,0.000000,0
0,0,0,472,5,4,2,6,4,0,0,6,4,P,0.000000,0.000000,0.000000,0.000000,0
0,0,0,473,6,4,1,6,5,0,0,6,5,P,0.000000,0.000000,0.000000,0.000000,0
0,0,0,474,6,5,1,6,6,0,0,6,6,P,0.000000,0.000000,0.000000,0.000000,0
0,0,0,475,6,6,1,6,7,0,0,6,7,P,0.000000,0.000000,0.000000,0.000000,0
0,0,0,476,6,7,3,5,7,0,0,5,7,P,0.000000,0.000000,-5.000000,0.000000,0
0,0,0,477,5,7,2,6,7,0,0,6,7,P,0.000000,0.000000,0.000000,0.000000,0
0,0,0,478,6,7,0,6,6,0,0,6,6,P,0.000000,0.000000,-5.000000,0.000000,0
0,0,0,479,6,6,3,5,6,0,0,5,6,P,0.000000,0.000000,0.000000,0.000000,0
0,0,0,480,5,6,1,5,7,0,0,5,7,P,0.000000,0.000000,0.000000,0.000000,0
0,0,0,481,5,7,1,5,7,0,0,5,7,P,0.000000,0.000000,0.000000,0.000000,0
0,0,0,482,5,7,0,5,6,0,0,5,6,P,0.000000,0.000000,0.000000,0.000000,0
0,0,0,483,5,6,2,6,6,0,0,6,6,P,0.000000,0.000000,0.000000,0.000000,0
0,0,0,484,6,6,3,5,6,0,0,5,6,P,0.000000,0.000000,0.000000,0.000000,0
0,0,0,485,5,6,2,6,6,0,0,6,6,P,0.000000,0.000000,0.000000,0.000000,0
0,0,0,486,6,6,3,5,6,0,0,5,6,P,0.000000,0.000000,0.000000,0.000000,0
0,0,0,487,5,6,3,4,6,0,0,4,6,P,0.000000,0.000000,0.000000,0.000000,0
0,0,0,488,4,6,1,4,7,0,0,4,7,P,0.000000,0.000000,0.000000,0.000000,0
0,0,0,489,4,7,3,3,7,0,0,3,7,P,0.000000,0.000000,0.000000,0.000000,0
0,0,0,490,3,7,2,4,7,0,0,4,7,P,0.000000,0.000000,0.000000,0.000000,0
0,0,0,491,4,7,0,4,6,0,0,4,6,P,0.000000,0.000000,0.000000,0.000000,0
0,0,0,492,4,6,0,4,5,0,0,4,5,P,0.000000,0.000000,0.000000,0.000000,0
0,0,0,493,4,5,2,5,5,0,0,5,5,P,0.000000,0.000000,0.000000,0.000000,0
0,0,0,494,5,5,1,5,6,0,0,5,6,P,0.000000,0.000000,0.000000,0.000000,0
0,0,0,495,5,6,3,4,6,0,0,4,6,R,0.000000,0.000000,0.000000,0.000000,0
0,0,0,496,4,6,1,4,7,0,0,4,7,P,0.000000,0.000000,0.000000,0.000000,0
0,0,0,497,4,7,0,4,6,0,0,4,6,P,0.000000,0.000000,0.000000,0.000000,0
0,0,0,498,4,6,1,4,7,0,0,4,7,P,0.000000,0.000000,0.000000,0.000000,0
0,0,0,499,4,7,0,4,6,0,0,4,6,P,0.000000,0.000000,0.000000,0.000000,0
0,0,0,500,4,6,1,4,7,0,0,4,7,P,0.000000,0.000000,0.000000,0.000000,0
0,0,0,501,4,7,0,4,6,0,0,4,6,P,0.000000,0.000000,0.000000,0.000000,0
0,0,0,502,4,6,2,5,6,0,0,5,6,P,0.000000,0.000000,0.000000,0.000000,0
0,0,0,503,5,6,2,6,6,0,0,6,6,P,0.000000,0.000000,0.000000,0.000000,0
0,0,0,504,6,6,2,7,6,0,0,7,6,P,0.000000,0.000000,0.000000,0.000000,0
0,0,0,505,7,6,0,7,5,0,0,7,5,P,0.000000,-5.000000,0.000000,0.000000,0
0,0,0,506,7,5,3,6,5,0,0,6,5,P,0.000000,0.000000,0.000000,0.000000,0
0,0,0,507,6,5,2,7,5,0,0,7,5,P,0.000000,0.000000,0.000000,0.000000,0
0,0,0,508,7,5,3,6,5,0,0,6,5,P,0.000000,0.000000,0.000000,0.000000,0
0,0,0,509,6,5,0,6,4,0,0,6,4,P,0.000000,0.000000,0.000000,0.000000,0
0,0,0,510,6,4,2,7,4,0,0,7,4,R,0.000000,0.000000,0.000000,0.000000,0
0,0,0,511,7,4,0,7,3,0,0,7,3,P,0.000000,0.000000,0.000000,0.000000,0
0,0,0,512,7,3,3,6,3,0,0,6,3,P,0.000000,0.000000,0.000000,0.000000,0
0,0,0,513,6,3,3,5,3,0,0,5,3,P,0.000000,0.000000,0.000000,0.000000,0
0,0,0,514,5,3,0,5,2,0,0,5,2,P,0.000000,0.000000,0.000000,0.000000,0
0,0,0,515,5,2,1,5,3,0,0,5,3,P,0.000000,0.000000,0.000000,0.000000,0
0,0,0,516,5,3,3,4,3,0,0,4,3,P,0.000000,0.000000,0.000000,0.000000,0
0,0,0,517,4,3,3,3,3,0,0,3,3,P,0.000000,0.000000,0.000000,0.000000,0
0,0,0,518,3,3,0,3,2,0,0,3,2,P,0.000000,0.000000,0.000000,0.000000,0
0,0,0,519,3,2,0,3,1,0,0,3,1,P,0.000000,0.000000,0.000000,0.000000,0
0,0,0,520,3,1,2,4,1,0,0,4,1,P,0.000000,0.000000,0.000000,0.000000,0
0,0,0,521,4,1,3,3,1,0,0,3,1,P,0.000000,0.000000,0.000000,0.000000,0
0,0,0,522,3,1,1,3,2,0,0,3,2,P,0.000000,0.000000,0.000000,0.000000,0
0,0,0,523,3,2,0,3,1,0,0,3,1,P,0.000000,0.000000,0.000000,0.000000,0
0,0,0,524,3,1,1,3,2,0,0,3,2,P,0.000000,0.000000,0.000000,0.000000,0
0,0,0,525,3,2,2,4,2,0,0,4,2,P,0.000000,0.000000,0.000000,0.000000,0
0,0,0,526,4,2,2,5,2,0,0,5,2,R,0.000000,0.000000,0.000000,0.000000,0
0,0,0,527,5,2,1,5,3,0,0,5,3,P,0.000000,0.000000,0.000000,0.000000,0
0,0,0,528,5,3,2,6,3,0,0,6,3,P,0.000000,0.000000,0.000000,0.000000,0
0,0,0,529,6,3,2,7,3,0,0,7,3,P,0.000000,0.000000,0.000000,0.000000,0
0,0,0,530,7,3,1,7,4,0,0,7,4,P,0.000000,0.000000,0.000000,0.000000,0
0,0,0,531,7,4,2,7,4,0,0,7,4,P,0.000000,0.000000,0.000000,0.000000,0
0,0,0,532,7,4,0,7,3,0,0,7,3,P,0.000000,0.000000,0.000000,0.000000,0
0,0,0,533,7,3,3,6,3,0,0,6,3,P,0.000000,0.000000,0.000000,0.000000,0
0,0,0,534,6,3,0,6,2,0,0,6,2,P,0.000000,0.000000,0.000000,0.000000,0
0,0,0,535,6,2,1,6,3,0,0,6,3,P,0.000000,0.000000,0.000000,0.000000,0
0,0,0,536,6,3,3,5,3,0,0,5,3,P,0.000000,0.000000,0.000000,0.000000,0
0,0,0,537,5,3,0,5,2,0,0,5,2,P,0.000000,0.000000,0.000000,0.000000,0
0,0,0,538,5,2,1,5,3,0,0,5,3,P,0.000000,0.000000,0.000000,0.000000,0
0,0,0,539,5,3,0,5,2,0,0,5,2,P,0.000000,0.000000,0.000000,0.000000,0
0,0,0,540,5,2,1,5,3,0,0,5,3,P,0.000000,0.000000,0.000000,0.000000,0
0,0,0,541,5,3,0,5,2,0,0,5,2,P,0.000000,0.000000,0.000000,0.000000,0
0,0,0,542,5,2,0,5,1,0,0,5,1,R,0.000000,0.000000,0.000000,0.000000,0
0,0,0,543,5,1,1,5,2,0,0,5,2,P,0.000000,0.000000,0.000000,0.000000,0
0,0,0,544,5,2,3,4,2,0,0,4,2,P,0.000000,0.000000,0.000000,0.000000,0
0,0,0,545,4,2,1,4,3,0,0,4,3,P,0.000000,0.000000,0.000000,0.000000,0
0,0,0,546,4,3,2,5,3,0,0,5,3,P,0.000000,0.000000,0.000000,0.000000,0
0,0,0,547,5,3,3,4,3,0,0,4,3,P,0.000000,0.000000,0.000000,0.000000,0
0,0,0,548,4,3,3,3,3,0,0,3,3,P,0.000000,0.000000,0.000000,0.000000,0
0,0,0,549,3,3,2,4,3,0,0,4,3,P,0.000000,0.000000,0.000000,0.000000,0
0,0,0,550,4,3,3,3,3,0,0,3,3,P,0.000000,0.000000,0.000000,0.000000,0
0,0,0,551,3,3,2,4,3,0,0,4,3,P,0.000000,0.000000,0.000000,0.000000,0
0,0,0,552,4,3,2,5,3,0,0,5,3,P,0.000000,0.000000,0.000000,0.000000,0
0,0,0,553,5,3,1,5,4,0,0,5,4,P,0.000000,0.000000,0.000000,0.000000,0
0,0,0,554,5,4,2,6,4,0,0,6,4,P,0.000000,0.000000,0.000000,0.000000,0
0,0,0,555,6,4,0,6,3,0,0,6,3,P,0.000000,0.000000,0.000000,0.000000,0
0,0,0,556,6,3,0,6,2,0,0,6,2,P,0.000000,0.000000,0.000000,0.000000,0
0,0,0,557,6,2,2,7,2,0,0,7,2,P,0.000000,0.000000,0.000000,0.000000,0
0,0,0,558,7,2,1,7,3,0,0,7,3,P,0.000000,0.000000,0.000000,0.000000,0
0,0,0,559,7,3,0,7,2,0,0,7,2,P,0.000000,0.000000,0.000000,0.000000,0
0,0,0,560,7,2,1,7,3,0,0,7,3,P,0.000000,0.000000,0.000000,0.000000,0
0,0,0,561,7,3,2,7,3,0,0,7,3,R,0.000000,0.000000,0.000000,0.000000,0
0,0,0,562,7,3,2,7,3,0,0,7,3,P,0.000000,0.000000,0.000000,0.000000,0
0,0,0,563,7,3,3,6,3,0,0,6,3,P,0.000000,0.000000,0.000000,0.000000,0
0,0,0,564,6,3,2,7,3,0,0,7,3,P,0.000000,0.000000,0.000000,0.000000,0
0,0,0,565,7,3,2,7,3,0,0,7,3,P,0.000000,0.000000,0.000000,0.000000,0
0,0,0,566,7,3,2,7,3,0,0,7,3,P,0.000000,0.000000,0.000000,0.000000,0
0,0,0,567,7,3,0,7,2,0,0,7,2,P,0.000000,0.000000,0.000000,0.000000,0
0,0,0,568,7,2,2,7,2,0,0,7,2,P,0.000000,0.000000,0.000000,0.000000,0
0,0,0,569,7,2,1,7,3,0,0,7,3,P,0.000000,0.000000,0.000000,0.000000,0
0,0,0,570,7,3,1,7,4,0,0,7,4,P,0.000000,0.000000,0.000000,0.000000,0
0,0,0,571,7,4,0,7,3,0,0,7,3,P,0.000000,0.000000,0.000000,0.000000,0
0,0,0,572,7,3,0,7,2,0,0,7,2,P,0.000000,0.000000,0.000000,0.000000,0
0,0,0,573,7,2,2,7,2,0,0,7,2,P,0.000000,0.000000,0.000000,0.000000,0
0,0,0,574,7,2,2,7,2,0,0,7,2,P,0.000000,0.000000,0.000000,0.000000,0
0,0,0,575,7,2,2,7,2,0,0,7,2,P,0.000000,0.000000,0.000000,0.000000,0
0,0,0,576,7,2,0,7,1,0,0,7,1,P,0.000000,0.000000,0.000000,0.000000,0
0,0,0,577,7,1,3,6,1,0,0,6,1,P,0.000000,0.000000,0.000000,0.000000,0
0,0,0,578,6,1,0,6,0,0,0,6,0,P,0.000000,0.000000,0.000000,0.000000,0
0,0,0,579,6,0,1,6,1,0,0,6,1,P,0.000000,0.000000,0.000000,0.000000,0
0,0,0,580,6,1,0,6,0,0,0,6,0,P,0.000000,0.000000,0.000000,0.000000,0
0,0,0,581,6,0,3,5,0,0,0,5,0,P,0.000000,0.000000,0.000000,0.000000,0
0,0,0,582,5,0,1,5,1,0,0,5,1,P,0.000000,0.000000,0.000000,0.000000,0
0,0,0,583,5,1,1,5,2,0,0,5,2,P,0.000000,0.000000,0.000000,0.000000,0
0,0,0,584,5,2,3,4,2,0,0,4,2,P,0.000000,0.000000,0.000000,0.000000,0
0,0,0,585,4,2,1,4,3,0,0,4,3,P,0.000000,0.000000,0.000000,0.000000,0
0,0,0,586,4,3,3,3,3,0,0,3,3,P,0.000000,0.000000,0.000000,0.000000,0
0,0,0,587,3,3,1,3,4,0,0,3,4,P,0.000000,0.000000,0.000000,0.000000,0
0,0,0,588,3,4,0,3,3,0,0,3,3,P,0.000000,0.000000,0.000000,0.000000,0
0,0,0,589,3,3,1,3,4,0,0,3,4,P,0.000000,0.000000,0.000000,0.000000,0
0,0,0,590,3,4,0,3,3,0,0,3,3,R,0.000000,0.000000,0.000000,0.000000,0
0,0,0,591,3,3,3,2,3,0,0,2,3,P,0.000000,0.000000,0.000000,0.000000,0
0,0,0,592,2,3,3,1,3,0,0,1,3,P,0.000000,0.000000,0.000000,0.000000,0
0,0,0,593,1,3,0,1,2,0,0,1,2,P,0.000000,0.000000,0.000000,0.000000,0
0,0,0,594,1,2,0,1,1,0,0,1,1,P,1.012500,0.000000,0.000000,0.000000,0
0,0,0,595,1,1,0,1,0,0,0,1,0,P,5.062500,0.000000,0.000000,0.000000,0
0,0,0,596,1,0,3,0,0,10,10,7,7,P,0.000000,0.000000,0.000000,9.375000,0
0,0,0,597,7,7,1,7,7,0,0,7,7,P,0.000000,0.000000,0.000000,0.000000,0
0,0,0,598,7,7,2,7,7,0,0,7,7,P,0.000000,0.000000,0.000000,0.000000,0
0,0,0,599,7,7,2,7,7,0,0,7,7,P,0.000000,0.000000,0.000000,0.000000,0
0,0,0,600,7,7,3,6,7,0,0,6,7,P,0.000000,0.000000,0.000000,0.000000,0
0,0,0,601,6,7,0,6,6,0,0,6,6,P,0.000000,0.000000,-5.000000,0.000000,0
0,0,0,602,6,6,2,7,6,0,0,7,6,P,0.000000,0.000000,0.000000,0.000000,0
0,0,0,603,7,6,3,6,6,0,0,6,6,P,0.000000,-5.000000,0.000000,0.000000,0
0,0,0,604,6,6,0,6,5,0,0,6,5,P,0.000000,0.000000,0.000000,0.000000,0
0,0,0,605,6,5,0,6,4,0,0,6,4,P,0.000000,0.000000,0.000000,0.000000,0
0,0,0,606,6,4,3,5,4,0,0,5,4,P,0.000000,0.000000,0.000000,0.000000,0
0,0,0,607,5,4,3,4,4,0,0,4,4,P,0.000000,0.000000,0.000000,0.000000,0
0,0,0,608,4,4,1,4,5,0,0,4,5,P,0.000000,0.000000,0.000000,0.000000,0
0,0,0,609,4,5,2,5,5,0,0,5,5,P,0.000000,0.000000,0.000000,0.000000,0
0,0,0,610,5,5,3,4,5,0,0,4,5,P,0.000000,0.000000,0.000000,0.000000,0
0,0,0,611,4,5,0,4,4,0,0,4,4,P,0.000000,0.000000,0.000000,0.000000,0
0,0,0,612,4,4,2,5,4,0,0,5,4,P,0.000000,0.000000,0.000000,0.000000,0
0,0,0,613,5,4,2,6,4,0,0,6,4,P,0.000000,0.000000,0.000000,0.000000,0
0,0,0,614,6,4,2,7,4,0,0,7,4,P,0.000000,0.000000,0.000000,0.000000,0
0,0,0,615,7,4,1,7,5,0,0,7,5,P,0.000000,0.000000,0.000000,0.000000,0
0,0,0,616,7,5,2,7,5,0,0,7,5,P,0.000000,0.000000,0.000000,0.000000,0
0,0,0,617,7,5,2,7,5,0,0,7,5,P,0.000000,0.000000,0.000000,0.000000,0
0,0,0,618,7,5,3,6,5,0,0,6,5,P,0.000000,0.000000,0.000000,0.000000,0
0,0,0,619,6,5,0,6,4,0,0,6,4,P,0.000000,0.000000,0.000000,0.000000,0
0,0,0,620,6,4,3,5,4,0,0,5,4,P,0.000000,0.000000,0.000000,0.000000,0
0,0,0,621,5,4,2,6,4,0,0,6,4,P,0.000000,0.000000,0.000000,0.000000,0
0,0,0,622,6,4,1,6,5,0,0,6,5,P,0.000000,0.000000,0.000000,0.000000,0
0,0,0,623,6,5,2,7,5,0,0,7,5,P,0.000000,0.000000,0.000000,0.000000,0
0,0,0,624,7,5,2,7,5,0,0,7,5,P,0.000000,0.000000,0.000000,0.000000,0
0,0,0,625,7,5,2,7,5,0,0,7,5,P,0.000000,0.000000,0.000000,0.000000,0
0,0,0,626,7,5,0,7,4,0,0,7,4,P,0.000000,0.000000,0.000000,0.000000,0
0,0,0,627,7,4,0,7,3,0,0,7,3,P,0.000000,0.000000,0.000000,0.000000,0
0,0,0,628,7,3,0,7,2,0,0,7,2,P,0.000000,0.000000,0.000000,0.000000,0
0,0,0,629,7,2,0,7,1,0,0,7,1,P,0.000000,0.000000,0.000000,0.000000,0
0,0,0,630,7,1,3,6,1,0,0,6,1,R,0.000000,0.000000,0.000000,0.000000,0
0,0,0,631,6,1,0,6,0,0,0,6,0,P,0.000000,0.000000,0.000000,0.000000,0
0,0,0,632,6,0,3,5,0,0,0,5,0,P,0.000000,0.000000,0.000000,0.000000,0
0,0,0,633,5,0,3,4,0,0,0,4,0,P,0.000000,0.000000,0.000000,0.000000,0
0,0,0,634,4,0,2,5,0,0,0,5,0,R,0.000000,0.000000,0.000000,0.000000,0
0,0,0,635,5,0,3,4,0,0,0,4,0,P,0.000000,0.000000,0.000000,0.000000,0
0,0,0,636,4,0,2,5,0,0,0,5,0,P,0.000000,0.000000,0.000000,0.000000,0
0,0,0,637,5,0,0,5,0,0,0,5,0,P,0.000000,0.000000,0.000000,0.000000,0
0,0,0,638,5,0,2,6,0,0,0,6,0,P,0.000000,0.000000,0.000000,0.000000,0
0,0,0,639,6,0,2,7,0,0,0,7,0,P,0.000000,0.000000,0.000000,0.000000,0
0,0,0,640,7,0,0,7,0,0,0,7,0,P,0.000000,0.000000,0.000000,0.000000,0
0,0,0,641,7,0,2,7,0,0,0,7,0,P,0.000000,0.000000,0.000000,0.000000,0
0,0,0,642,7,0,1,7,1,0,0,7,1,P,0.000000,0.000000,0.000000,0.000000,0
0,0,0,643,7,1,3,6,1,0,0,6,1,P,0.000000,0.000000,0.000000,0.000000,0
0,0,0,644,6,1,3,5,1,0,0,5,1,P,0.000000,0.000000,0.000000,0.000000,0
0,0,0,645,5,1,2,6,1,0,0,6,1,P,0.000000,0.000000,0.000000,0.000000,0
0,0,0,646,6,1,1,6,2,0,0,6,2,P,0.000000,0.000000,0.000000,0.000000,0
0,0,0,647,6,2,3,5,2,0,0,5,2,P,0.000000,0.000000,0.000000,0.000000,0
0,0,0,648,5,2,3,4,2,0,0,4,2,P,0.000000,0.000000,0.000000,0.000000,0
0,0,0,649,4,2,3,3,2,0,0,3,2,P,0.000000,0.000000,0.000000,0.000000,0
0,0,0,650,3,2,1,3,3,0,0,3,3,P,0.000000,0.000000,0.000000,0.000000,0
0,0,0,651,3,3,2,4,3,0,0,4,3,P,0.000000,0.000000,0.000000,0.000000,0
0,0,0,652,4,3,0,4,2,0,0,4,2,P,0.000000,0.000000,0.000000,0.000000,0
0,0,0,653,4,2,3,3,2,0,0,3,2,P,0.000000,0.000000,0.000000,0.000000,0
0,0,0,654,3,2,0,3,1,0,0,3,1,P,0.000000,0.000000,0.000000,0.000000,0
0,0,0,655,3,1,1,3,2,0,0,3,2,P,0.000000,0.000000,0.000000,0.000000,0
0,0,0,656,3,2,1,3,3,0,0,3,3,P,0.000000,0.000000,0.000000,0.000000,0
0,0,0,657,3,3,2,4,3,0,0,4,3,P,0.000000,0.000000,0.000000,0.000000,0
0,0,0,658,4,3,1,4,4,0,0,4,4,P,0.000000,0.000000,0.000000,0.000000,0
0,0,0,659,4,4,0,4,3,0,0,4,3,P,0.000000,0.000000,0.000000,0.000000,0
0,0,0,660,4,3,2,5,3,0,0,5,3,P,0.000000,0.000000,0.000000,0.000000,0
0,0,0,661,5,3,3,4,3,0,0,4,3,P,0.000000,0.000000,0.000000,0.000000,0
0,0,0,662,4,3,1,4,4,0,0,4,4,P,0.000000,0.000000,0.000000,0.000000,0
0,0,0,663,4,4,3,3,4,0,0,3,4,P,0.000000,0.000000,0.000000,0.000000,0
0,0,0,664,3,4,0,3,3,0,0,3,3,P,0.000000,0.000000,0.000000,0.000000,0
0,0,0,665,3,3,2,4,3,0,0,4,3,P,0.000000,0.000000,0.000000,0.000000,0
0,0,0,666,4,3,1,4,4,0,0,4,4,P,0.000000,0.000000,0.000000,0.000000,0
0,0,0,667,4,4,2,5,4,0,0,5,4,P,0.000000,0.000000,0.000000,0.000000,0
0,0,0,668,5,4,1,5,5,0,0,5,5,P,0.000000,0.000000,0.000000,0.000000,0
0,0,0,669,5,5,3,4,5,0,0,4,5,P,0.000000,0.000000,0.000000,0.000000,0
0,0,0,670,4,5,3,3,5,0,0,3,5,P,0.000000,0.000000,0.000000,0.000000,0
0,0,0,671,3,5,0,3,4,0,0,3,4,P,0.000000,0.000000,0.000000,0.000000,0
0,0,0,672,3,4,3,2,4,0,0,2,4,P,0.000000,0.000000,0.000000,0.000000,0
0,0,0,673,2,4,0,2,3,0,0,2,3,P,0.000000,0.000000,0.000000,0.000000,0
0,0,0,674,2,3,1,2,4,0,0,2,4,P,0.000000,0.000000,0.000000,0.000000,0
0,0,0,675,2,4,3,1,4,0,0,1,4,P,0.000000,0.000000,0.000000,0.000000,0
0,0,0,676,1,4,1,1,5,0,0,1,5,P,0.000000,0.000000,0.000000,0.000000,0
0,0,0,677,1,5,3,0,5,0,0,0,5,P,0.000000,0.000000,0.000000,0.000000,0
0,0,0,678,0,5,1,0,6,0,0,0,6,P,0.000000,0.000000,0.000000,0.000000,0
0,0,0,679,0,6,1,0,7,0,0,0,7,P,0.000000,0.000000,0.000000,0.000000,0
0,0,0,680,0,7,2,1,7,0,0,1,7,P,0.000000,0.000000,0.000000,0.000000,0
0,0,0,681,1,7,3,0,7,0,0,0,7,P,0.000000,0.000000,0.000000,0.000000,0
0,0,0,682,0,7,3,0,7,0,0,0,7,R,0.000000,0.000000,0.000000,0.000000,0
0,0,0,683,0,7,2,1,7,0,0,1,7,P,0.000000,0.000000,0.000000,0.000000,0
0,0,0,684,1,7,3,0,7,0,0,0,7,P,0.000000,0.000000,0.000000,0.000000,0
0,0,0,685,0,7,3,0,7,0,0,0,7,P,0.000000,0.000000,0.000000,0.000000,0
0,0,0,686,0,7,2,1,7,0,0,1,7,P,0.000000,0.000000,0.000000,0.000000,0
0,0,0,687,1,7,0,1,6,0,0,1,6,P,0.000000,0.000000,0.000000,0.000000,0
0,0,0,688,1,6,0,1,5,0,0,1,5,P,0.000000,0.000000,0.000000,0.000000,0
0,0,0,689,1,5,1,1,6,0,0,1,6,P,0.000000,0.000000,0.000000,0.000000,0
0,0,0,690,1,6,3,0,6,0,0,0,6,P,0.000000,0.000000,0.000000,0.000000,0
0,0,0,691,0,6,1,0,7,0,0,0,7,P,0.000000,0.000000,0.000000,0.000000,0
0,0,0,692,0,7,1,0,7,0,0,0,7,P,0.000000,0.000000,0.000000,0.000000,0
0,0,0,693,0,7,2,1,7,0,0,1,7,P,0.000000,0.000000,0.000000,0.000000,0
0,0,0,694,1,7,3,0,7,0,0,0,7,P,0.000000,0.000000,0.000000,0.000000,0
0,0,0,695,0,7,0,0,6,0,0,0,6,P,0.000000,0.000000,0.000000,0.000000,0
0,0,0,696,0,6,2,1,6,0,0,1,6,P,0.000000,0.000000,0.000000,0.000000,0
0,0,0,697,1,6,3,0,6,0,0,0,6,P,0.000000,0.000000,0.000000,0.000000,0
0,0,0,698,0,6,2,1,6,0,0,1,6,P,0.000000,0.000000,0.000000,0.000000,0
0,0,0,699,1,6,1,1,7,0,0,1,7,P,0.000000,0.000000,0.000000,0.000000,0
0,0,0,700,1,7,0,1,6,0,0,1,6,R,0.000000,0.000000,0.000000,0.000000,0
0,0,0,701,1,6,0,1,5,0,0,1,5,P,0.000000,0.000000,0.000000,0.000000,0
0,0,0,702,1,5,1,1,6,0,0,1,6,P,0.000000,0.000000,0.000000,0.000000,0
0,0,0,703,1,6,1,1,7,0,0,1,7,P,0.000000,0.000000,0.000000,0.000000,0
0,0,0,704,1,7,0,1,6,0,0,1,6,P,0.000000,0.000000,0.000000,0.000000,0
0,0,0,705,1,6,2,2,6,0,0,2,6,P,0.000000,0.000000,0.000000,0.000000,0
0,0,0,706,2,6,1,2,7,0,0,2,7,P,0.000000,0.000000,0.000000,0.000000,0
0,0,0,707,2,7,1,2,7,0,0,2,7,P,0.000000,0.000000,0.000000,0.000000,0
0,0,0,708,2,7,2,3,7,0,0,3,7,P,0.000000,0.000000,0.000000,0.000000,0
0,0,0,709,3,7,0,3,6,0,0,3,6,P,0.000000,0.000000,0.000000,0.000000,0
0,0,0,710,3,6,0,3,5,0,0,3,5,P,0.000000,0.000000,0.000000,0.000000,0
0,0,0,711,3,5,2,4,5,0,0,4,5,P,0.000000,0.000000,0.000000,0.000000,0
0,0,0,712,4,5,3,3,5,0,0,3,5,P,0.000000,0.000000,0.000000,0.000000,0
0,0,0,713,3,5,3,2,5,0,0,2,5,P,0.000000,0.000000,0.000000,0.000000,0
0,0,0,714,2,5,0,2,4,0,0,2,4,P,0.000000,0.000000,0.000000,0.000000,0
0,0,0,715,2,4,1,2,5,0,0,2,5,P,0.000000,0.000000,0.000000,0.000000,0
0,0,0,716,2,5,3,1,5,0,0,1,5,P,0.000000,0.000000,0.000000,0.000000,0
0,0,0,717,1,5,3,0,5,0,0,0,5,P,0.000000,0.000000,0.000000,0.000000,0
0,0,0,718,0,5,3,0,5,0,0,0,5,P,0.000000,0.000000,0.000000,0.000000,0
0,0,0,719,0,5,2,1,5,0,0,1,5,P,0.000000,0.000000,0.000000,0.000000,0
0,0,0,720,1,5,2,2,5,0,0,2,5,P,0.000000,0.000000,0.000000,0.000000,0
0,0,0,721,2,5,0,2,4,0,0,2,4,P,0.000000,0.000000,0.000000,0.000000,0
0,0,0,722,2,4,0,2,3,0,0,2,3,P,0.000000,0.000000,0.000000,0.000000,0
0,0,0,723,2,3,1,2,4,0,0,2,4,P,0.000000,0.000000,0.000000,0.000000,0
0,0,0,724,2,4,3,1,4,0,0,1,4,P,0.000000,0.000000,0.000000,0.000000,0
0,0,0,725,1,4,2,2,4,0,0,2,4,P,0.000000,0.000000,0.000000,0.000000,0
0,0,0,726,2,4,0,2,3,0,0,2,3,P,0.000000,0.000000,0.000000,0.000000,0
0,0,0,727,2,3,2,3,3,0,0,3,3,P,0.000000,0.000000,0.000000,0.000000,0
0,0,0,728,3,3,3,2,3,0,0,2,3,P,0.000000,0.000000,0.000000,0.000000,0
0,0,0,729,2,3,2,3,3,0,0,3,3,P,0.000000,0.000000,0.000000,0.000000,0
0,0,0,730,3,3,2,4,3,0,0,4,3,P,0.000000,0.000000,0.000000,0.000000,0
0,0,0,731,4,3,2,5,3,0,0,5,3,P,0.000000,0.000000,0.000000,0.000000,0
0,0,0,732,5,3,3,4,3,0,0,4,3,P,0.000000,0.000000,0.000000,0.000000,0
0,0,0,733,4,3,0,4,2,0,0,4,2,P,0.000000,0.000000,0.000000,0.000000,0
0,0,0,734,4,2,0,4,1,0,0,4,1,P,0.000000,0.000000,0.000000,0.000000,0
0,0,0,735,4,1,2,5,1,0,0,5,1,P,0.000000,0.000000,0.000000,0.000000,0
0,0,0,736,5,1,1,5,2,0,0,5,2,P,0.000000,0.000000,0.000000,0.000000,0
0,0,0,737,5,2,2,6,2,0,0,6,2,P,0.000000,0.000000,0.000000,0.000000,0
0,0,0,738,6,2,3,5,2,0,0,5,2,P,0.000000,0.000000,0.000000,0.000000,0
0,0,0,739,5,2,2,6,2,0,0,6,2,P,0.000000,0.000000,0.000000,0.000000,0
0,0,0,740,6,2,1,6,3,0,0,6,3,P,0.000000,0.000000,0.000000,0.000000,0
0,0,0,741,6,3,1,6,4,0,0,6,4,P,0.000000,0.000000,0.000000,0.000000,0
0,0,0,742,6,4,2,7,4,0,0,7,4,P,0.000000,0.000000,0.000000,0.000000,0
0,0,0,743,7,4,3,6,4,0,0,6,4,P,0.000000,0.000000,0.000000,0.000000,0
0,0,0,744,6,4,1,6,5,0,0,6,5,P,0.000000,0.000000,0.000000,0.000000,0
0,0,0,745,6,5,1,6,6,0,0,6,6,P,0.000000,0.000000,0.000000,0.000000,0
0,0,0,746,6,6,2,7,6,0,0,7,6,P,0.000000,0.000000,0.000000,0.000000,0
0,0,0,747,7,6,0,7,5,0,0,7,5,P,0.000000,-5.000000,0.000000,0.000000,0
0,0,0,748,7,5,0,7,4,0,0,7,4,P,0.000000,0.000000,0.000000,0.000000,0
0,0,0,749,7,4,3,6,4,0,0,6,4,P,0.000000,0.000000,0.000000,0.000000,0
0,0,0,750,6,4,0,6,3,0,0,6,3,P,0.000000,0.000000,0.000000,0.000000,0
0,0,0,751,6,3,3,5,3,0,0,5,3,P,0.000000,0.000000,0.000000,0.000000,0
0,0,0,752,5,3,2,6,3,0,0,6,3,P,0.000000,0.000000,0.000000,0.000000,0
0,0,0,753,6,3,3,5,3,0,0,5,3,P,0.000000,0.000000,0.000000,0.000000,0
0,0,0,754,5,3,0,5,2,0,0,5,2,P,0.000000,0.000000,0.000000,0.000000,0
0,0,0,755,5,2,3,4,2,0,0,4,2,P,0.000000,0.000000,0.000000,0.000000,0
0,0,0,756,4,2,3,3,2,0,0,3,2,P,0.000000,0.000000,0.000000,0.000000,0
0,0,0,757,3,2,2,4,2,0,0,4,2,P,0.000000,0.000000,0.000000,0.000000,0
0,0,0,758,4,2,3,3,2,0,0,3,2,P,0.000000,0.000000,0.000000,0.000000,0
0,0,0,759,3,2,1,3,3,0,0,3,3,P,0.000000,0.000000,0.000000,0.000000,0
0,0,0,760,3,3,1,3,4,0,0,3,4,P,0.000000,0.000000,0.000000,0.000000,0
0,0,0,761,3,4,1,3,5,0,0,3,5,P,0.000000,0.000000,0.000000,0.000000,0
0,0,0,762,3,5,2,4,5,0,0,4,5,P,0.000000,0.000000,0.000000,0.000000,0
0,0,0,763,4,5,0,4,4,0,0,4,4,P,0.000000,0.000000,0.000000,0.000000,0
0,0,0,764,4,4,2,5,4,0,0,5,4,P,0.000000,0.000000,0.000000,0.000000,0
0,0,0,765,5,4,3,4,4,0,0,4,4,P,0.000000,0.000000,0.000000,0.000000,0
0,0,0,766,4,4,3,3,4,0,0,3,4,P,0.000000,0.000000,0.000000,0.000000,0
0,0,0,767,3,4,3,2,4,0,0,2,4,P,0.000000,0.000000,0.000000,0.000000,0
0,0,0,768,2,4,3,1,4,0,0,1,4,P,0.000000,0.000000,0.000000,0.000000,0
0,0,0,769,1,4,2,2,4,0,0,2,4,P,0.000000,0.000000,0.000000,0.000000,0
0,0,0,770,2,4,0,2,3,0,0,2,3,P,0.000000,0.000000,0.000000,0.000000,0
0,0,0,771,2,3,0,2,2,0,0,2,2,P,0.000000,0.000000,0.000000,0.000000,0
0,0,0,772,2,2,3,1,2,0,0,1,2,R,0.000000,0.000000,0.000000,0.455625,0
0,0,0,773,1,2,0,1,1,0,0,1,1,P,2.784375,0.000000,0.000000,0.000000,0
0,0,0,774,1,1,0,1,0,0,0,1,0,P,6.750000,0.000000,0.000000,0.000000,0
0,0,0,775,1,0,3,0,0,10,10,7,7,P,0.000000,0.000000,0.000000,9.687500,0
0,0,0,776,7,7,2,7,7,0,0,7,7,P,0.000000,0.000000,0.000000,0.000000,0
0,0,0,777,7,7,3,6,7,0,0,6,7,P,0.000000,0.000000,0.000000,0.000000,0
0,0,0,778,6,7,3,5,7,0,0,5,7,P,0.000000,0.000000,-5.000000,0.000000,0
0,0,0,779,5,7,1,5,7,0,0,5,7,P,0.000000,0.000000,0.000000,0.000000,0
0,0,0,780,5,7,3,4,7,0,0,4,7,P,0.000000,0.000000,0.000000,0.000000,0
0,0,0,781,4,7,3,3,7,0,0,3,7,P,0.000000,0.000000,0.000000,0.000000,0
0,0,0,782,3,7,1,3,7,0,0,3,7,P,0.000000,0.000000,0.000000,0.000000,0
0,0,0,783,3,7,2,4,7,0,0,4,7,R,0.000000,0.000000,0.000000,0.000000,0
0,0,0,784,4,7,2,5,7,0,0,5,7,P,0.000000,0.000000,0.000000,0.000000,0
0,0,0,785,5,7,0,5,6,0,0,5,6,P,0.000000,0.000000,0.000000,0.000000,0
0,0,0,786,5,6,3,4,6,0,0,4,6,P,0.000000,0.000000,0.000000,0.000000,0
0,0,0,787,4,6,3,3,6,0,0,3,6,P,0.000000,0.000000,0.000000,0.000000,0
0,0,0,788,3,6,0,3,5,0,0,3,5,P,0.000000,0.000000,0.000000,0.000000,0
0,0,0,789,3,5,3,2,5,0,0,2,5,P,0.000000,0.000000,0.000000,0.000000,0
0,0,0,790,2,5,0,2,4,0,0,2,4,P,0.000000,0.000000,0.000000,0.000000,0
0,0,0,791,2,4,1,2,5,0,0,2,5,P,0.000000,0.000000,0.000000,0.000000,0
0,0,0,792,2,5,3,1,5,0,0,1,5,P,0.000000,0.000000,0.000000,0.000000,0
0,0,0,793,1,5,1,1,6,0,0,1,6,P,0.000000,0.000000,0.000000,0.000000,0
0,0,0,794,1,6,3,0,6,0,0,0,6,P,0.000000,0.000000,0.000000,0.000000,0
0,0,0,795,0,6,2,1,6,0,0,1,6,P,0.000000,0.000000,0.000000,0.000000,0
0,0,0,796,1,6,1,1,7,0,0,1,7,P,0.000000,0.000000,0.000000,0.000000,0
0,0,0,797,1,7,1,1,7,0,0,1,7,P,0.000000,0.000000,0.000000,0.000000,0
0,0,0,798,1,7,2,2,7,0,0,2,7,P,0.000000,0.000000,0.000000,0.000000,0
0,0,0,799,2,7,1,2,7,0,0,2,7,P,0.000000,0.000000,0.000000,0.000000,0
0,0,0,800,2,7,3,1,7,0,0,1,7,P,0.000000,0.000000,0.000000,0.000000,0
0,0,0,801,1,7,2,2,7,0,0,2,7,P,0.000000,0.000000,0.000000,0.000000,0
0,0,0,802,2,7,3,1,7,0,0,1,7,P,0.000000,0.000000,0.000000,0.000000,0
0,0,0,803,1,7,2,2,7,0,0,2,7,P,0.000000,0.000000,0.000000,0.000000,0
0,0,0,804,2,7,1,2,7,0,0,2,7,P,0.000000,0.000000,0.000000,0.000000,0
0,0,0,805,2,7,1,2,7,0,0,2,7,P,0.000000,0.000000,0.000000,0.000000,0
0,0,0,806,2,7,0,2,6,0,0,2,6,P,0.000000,0.000000,0.000000,0.000000,0
0,0,0,807,2,6,2,3,6,0,0,3,6,P,0.000000,0.000000,0.000000,0.000000,0
0,0,0,808,3,6,2,4,6,0,0,4,6,P,0.000000,0.000000,0.000000,0.000000,0
0,0,0,809,4,6,3,3,6,0,0,3,6,P,0.000000,0.000000,0.000000,0.000000,0
0,0,0,810,3,6,3,2,6,0,0,2,6,P,0.000000,0.000000,0.000000,0.000000,0
0,0,0,811,2,6,3,1,6,0,0,1,6,P,0.000000,0.000000,0.000000,0.000000,0
0,0,0,812,1,6,2,2,6,0,0,2,6,P,0.000000,0.000000,0.000000,0.000000,0
0,0,0,813,2,6,0,2,5,0,0,2,5,P,0.000000,0.000000,0.000000,0.000000,0
0,0,0,814,2,5,3,1,5,0,0,1,5,P,0.000000,0.000000,0.000000,0.000000,0
0,0,0,815,1,5,2,2,5,0,0,2,5,P,0.000000,0.000000,0.000000,0.000000,0
0,0,0,816,2,5,0,2,4,0,0,2,4,P,0.000000,0.000000,0.000000,0.000000,0
0,0,0,817,2,4,2,3,4,0,0,3,4,P,0.000000,0.000000,0.000000,0.000000,0
0,0,0,818,3,4,3,2,4,0,0,2,4,P,0.000000,0.000000,0.000000,0.000000,0
0,0,0,819,2,4,1,2,5,0,0,2,5,P,0.000000,0.000000,0.000000,0.000000,0
0,0,0,820,2,5,2,3,5,0,0,3,5,R,0.000000,0.000000,0.000000,0.000000,0
0,0,0,821,3,5,2,4,5,0,0,4,5,P,0.000000,0.000000,0.000000,0.000000,0
0,0,0,822,4,5,0,4,4,0,0,4,4,P,0.000000,0.000000,0.000000,0.000000,0
0,0,0,823,4,4,0,4,3,0,0,4,3,P,0.000000,0.000000,0.000000,0.000000,0
0,0,0,824,4,3,0,4,2,0,0,4,2,R,0.000000,0.000000,0.000000,0.000000,0
0,0,0,825,4,2,2,5,2,0,0,5,2,P,0.000000,0.000000,0.000000,0.000000,0
0,0,0,826,5,2,0,5,1,0,0,5,1,P,0.000000,0.000000,0.000000,0.000000,0
0,0,0,827,5,1,2,6,1,0,0,6,1,P,0.000000,0.000000,0.000000,0.000000,0
0,0,0,828,6,1,0,6,0,0,0,6,0,P,0.000000,0.000000,0.000000,0.000000,0
0,0,0,829,6,0,0,6,0,0,0,6,0,P,0.000000,0.000000,0.000000,0.000000,0
0,0,0,830,6,0,1,6,1,0,0,6,1,P,0.000000,0.000000,0.000000,0.000000,0
0,0,0,831,6,1,0,6,0,0,0,6,0,P,0.000000,0.000000,0.000000,0.000000,0
0,0,0,832,6,0,2,7,0,0,0,7,0,P,0.000000,0.000000,0.000000,0.000000,0
0,0,0,833,7,0,0,7,0,0,0,7,0,P,0.000000,0.000000,0.000000,0.000000,0
0,0,0,834,7,0,0,7,0,0,0,7,0,P,0.000000,0.000000,0.000000,0.000000,0
0,0,0,835,7,0,1,7,1,0,0,7,1,P,0.000000,0.000000,0.000000,0.000000,0
0,0,0,836,7,1,1,7,2,0,0,7,2,P,0.000000,0.000000,0.000000,0.000000,0
0,0,0,837,7,2,0,7,1,0,0,7,1,P,0.000000,0.000000,0.000000,0.000000,0
0,0,0,838,7,1,2,7,1,0,0,7,1,P,0.000000,0.000000,0.000000,0.000000,0
0,0,0,839,7,1,2,7,1,0,0,7,1,P,0.000000,0.000000,0.000000,0.000000,0
0,0,0,840,7,1,1,7,2,0,0,7,2,P,0.000000,0.000000,0.000000,0.000000,0
0,0,0,841,7,2,3,6,2,0,0,6,2,P,0.000000,0.000000,0.000000,0.000000,0
0,0,0,842,6,2,1,6,3,0,0,6,3,P,0.000000,0.000000,0.000000,0.000000,0
0,0,0,843,6,3,2,7,3,0,0,7,3,P,0.000000,0.000000,0.000000,0.000000,0
0,0,0,844,7,3,0,7,2,0,0,7,2,P,0.000000,0.000000,0.000000,0.000000,0
0,0,0,845,7,2,1,7,3,0,0,7,3,P,0.000000,0.000000,0.000000,0.000000,0
0,0,0,846,7,3,3,6,3,0,0,6,3,P,0.000000,0.000000,0.000000,0.000000,0
0,0,0,847,6,3,1,6,4,0,0,6,4,P,0.000000,0.000000,0.000000,0.000000,0
0,0,0,848,6,4,3,5,4,0,0,5,4,P,0.000000,0.000000,0.000000,0.000000,0
0,0,0,849,5,4,1,5,5,0,0,5,5,P,0.000000,0.000000,0.000000,0.000000,0
0,0,0,850,5,5,0,5,4,0,0,5,4,R,0.000000,0.000000,0.000000,0.000000,0
0,0,0,851,5,4,3,4,4,0,0,4,4,P,0.000000,0.000000,0.000000,0.000000,0
0,0,0,852,4,4,1,4,5,0,0,4,5,P,0.000000,0.000000,0.000000,0.000000,0
0,0,0,853,4,5,2,5,5,0,0,5,5,P,0.000000,0.000000,0.000000,0.000000,0
0,0,0,854,5,5,2,6,5,0,0,6,5,P,0.000000,0.000000,0.000000,0.000000,0
0,0,0,855,6,5,0,6,4,0,0,6,4,P,0.000000,0.000000,0.000000,0.000000,0
0,0,0,856,6,4,2,7,4,0,0,7,4,P,0.000000,0.000000,0.000000,0.000000,0
0,0,0,857,7,4,0,7,3,0,0,7,3,P,0.000000,0.000000,0.000000,0.000000,0
0,0,0,858,7,3,0,7,2,0,0,7,2,P,0.000000,0.000000,0.000000,0.000000,0
0,0,0,859,7,2,3,6,2,0,0,6,2,P,0.000000,0.000000,0.000000,0.000000,0
0,0,0,860,6,2,1,6,3,0,0,6,3,P,0.000000,0.000000,0.000000,0.000000,0
0,0,0,861,6,3,1,6,4,0,0,6,4,P,0.000000,0.000000,0.000000,0.000000,0
0,0,0,862,6,4,3,5,4,0,0,5,4,P,0.000000,0.000000,0.000000,0.000000,0
0,0,0,863,5,4,3,4,4,0,0,4,4,P,0.000000,0.000000,0.000000,0.000000,0
0,0,0,864,4,4,3,3,4,0,0,3,4,P,0.000000,0.000000,0.000000,0.000000,0
0,0,0,865,3,4,0,3,3,0,0,3,3,P,0.000000,0.000000,0.000000,0.000000,0
0,0,0,866,3,3,2,4,3,0,0,4,3,P,0.000000,0.000000,0.000000,0.000000,0
0,0,0,867,4,3,2,5,3,0,0,5,3,P,0.000000,0.000000,0.000000,0.000000,0
0,0,0,868,5,3,1,5,4,0,0,5,4,P,0.000000,0.000000,0.000000,0.000000,0
0,0,0,869,5,4,0,5,3,0,0,5,3,P,0.000000,0.000000,0.000000,0.000000,0
0,0,0,870,5,3,1,5,4,0,0,5,4,P,0.000000,0.000000,0.000000,0.000000,0
0,0,0,871,5,4,2,6,4,0,0,6,4,R,0.000000,0.000000,0.000000,0.000000,0
0,0,0,872,6,4,1,6,5,0,0,6,5,P,0.000000,0.000000,0.000000,0.000000,0
0,0,0,873,6,5,3,5,5,0,0,5,5,P,0.000000,0.000000,0.000000,0.000000,0
0,0,0,874,5,5,3,4,5,0,0,4,5,P,0.000000,0.000000,0.000000,0.000000,0
0,0,0,875,4,5,0,4,4,0,0,4,4,P,0.000000,0.000000,0.000000,0.000000,0
0,0,0,876,4,4,1,4,5,0,0,4,5,P,0.000000,0.000000,0.000000,0.000000,0
0,0,0,877,4,5,3,3,5,0,0,3,5,P,0.000000,0.000000,0.000000,0.000000,0
0,0,0,878,3,5,1,3,6,0,0,3,6,P,0.000000,0.000000,0.000000,0.000000,0
0,0,0,879,3,6,1,3,7,0,0,3,7,P,0.000000,0.000000,0.000000,0.000000,0
0,0,0,880,3,7,3,2,7,0,0,2,7,P,0.000000,0.000000,0.000000,0.000000,0
0,0,0,881,2,7,0,2,6,0,0,2,6,P,0.000000,0.000000,0.000000,0.000000,0
0,0,0,882,2,6,3,1,6,0,0,1,6,P,0.000000,0.000000,0.000000,0.000000,0
0,0,0,883,1,6,0,1,5,0,0,1,5,P,0.000000,0.000000,0.000000,0.000000,0
0,0,0,884,1,5,3,0,5,0,0,0,5,P,0.000000,0.000000,0.000000,0.000000,0
0,0,0,885,0,5,3,0,5,0,0,0,5,P,0.000000,0.000000,0.000000,0.000000,0
0,0,0,886,0,5,1,0,6,0,0,0,6,P,0.000000,0.000000,0.000000,0.000000,0
0,0,0,887,0,6,3,0,6,0,0,0,6,P,0.000000,0.000000,0.000000,0.000000,0
0,0,0,888,0,6,0,0,5,0,0,0,5,P,0.000000,0.000000,0.000000,0.000000,0
0,0,0,889,0,5,3,0,5,0,0,0,5,P,0.000000,0.000000,0.000000,0.000000,0
0,0,0,890,0,5,1,0,6,0,0,0,6,P,0.000000,0.000000,0.000000,0.000000,0
0,0,0,891,0,6,1,0,7,0,0,0,7,P,0.000000,0.000000,0.000000,0.000000,0
0,0,0,892,0,7,3,0,7,0,0,0,7,P,0.000000,0.000000,0.000000,0.000000,0
0,0,0,893,0,7,3,0,7,0,0,0,7,P,0.000000,0.000000,0.000000,0.000000,0
0,0,0,894,0,7,0,0,6,0,0,0,6,P,0.000000,0.000000,0.000000,0.000000,0
0,0,0,895,0,6,3,0,6,0,0,0,6,P,0.000000,0.000000,0.000000,0.000000,0
0,0,0,896,0,6,3,0,6,0,0,0,6,P,0.000000,0.000000,0.000000,0.000000,0
0,0,0,897,0,6,0,0,5,0,0,0,5,P,0.000000,0.000000,0.000000,0.000000,0
0,0,0,898,0,5,3,0,5,0,0,0,5,P,0.000000,0.000000,0.000000,0.000000,0
0,0,0,899,0,5,3,0,5,0,0,0,5,P,0.000000,0.000000,0.000000,0.000000,0
0,0,0,900,0,5,2,1,5,0,0,1,5,P,0.000000,0.000000,0.000000,0.000000,0
0,0,0,901,1,5,2,2,5,0,0,2,5,P,0.000000,0.000000,0.000000,0.000000,0
0,0,0,902,2,5,3,1,5,0,0,1,5,P,0.000000,0.000000,0.000000,0.000000,0
0,0,0,903,1,5,0,1,4,0,0,1,4,R,0.000000,0.000000,0.000000,0.000000,0
0,0,0,904,1,4,2,2,4,0,0,2,4,P,0.000000,0.000000,0.000000,0.000000,0
0,0,0,905,2,4,1,2,5,0,0,2,5,P,0.000000,0.000000,0.000000,0.000000,0
0,0,0,906,2,5,2,3,5,0,0,3,5,P,0.000000,0.000000,0.000000,0.000000,0
0,0,0,907,3,5,2,4,5,0,0,4,5,P,0.000000,0.000000,0.000000,0.000000,0
0,0,0,908,4,5,0,4,4,0,0,4,4,P,0.000000,0.000000,0.000000,0.000000,0
0,0,0,909,4,4,3,3,4,0,0,3,4,P,0.000000,0.000000,0.000000,0.000000,0
0,0,0,910,3,4,0,3,3,0,0,3,3,P,0.000000,0.000000,0.000000,0.000000,0
0,0,0,911,3,3,1,3,4,0,0,3,4,P,0.000000,0.000000,0.000000,0.000000,0
0,0,0,912,3,4,2,4,4,0,0,4,4,P,0.000000,0.000000,0.000000,0.000000,0
0,0,0,913,4,4,0,4,3,0,0,4,3,P,0.000000,0.000000,0.000000,0.000000,0
0,0,0,914,4,3,3,3,3,0,0,3,3,P,0.000000,0.000000,0.000000,0.000000,0
0,0,0,915,3,3,2,4,3,0,0,4,3,P,0.000000,0.000000,0.000000,0.000000,0
0,0,0,916,4,3,2,5,3,0,0,5,3,P,0.000000,0.000000,0.000000,0.000000,0
0,0,0,917,5,3,2,6,3,0,0,6,3,P,0.000000,0.000000,0.000000,0.000000,0
0,0,0,918,6,3,0,6,2,0,0,6,2,P,0.000000,0.000000,0.000000,0.000000,0
0,0,0,919,6,2,0,6,1,0,0,6,1,P,0.000000,0.000000,0.000000,0.000000,0
0,0,0,920,6,1,2,7,1,0,0,7,1,P,0.000000,0.000000,0.000000,0.000000,0
0,0,0,921,7,1,0,7,0,0,0,7,0,P,0.000000,0.000000,0.000000,0.000000,0
0,0,0,922,7,0,3,6,0,0,0,6,0,P,0.000000,0.000000,0.000000,0.000000,0
0,0,0,923,6,0,0,6,0,0,0,6,0,R,0.000000,0.000000,0.000000,0.000000,0
0,0,0,924,6,0,3,5,0,0,0,5,0,P,0.000000,0.000000,0.000000,0.000000,0
0,0,0,925,5,0,3,4,0,0,0,4,0,P,0.000000,0.000000,0.000000,0.000000,0
0,0,0,926,4,0,3,3,0,0,0,3,0,P,0.000000,0.000000,0.000000,0.000000,0
0,0,0,927,3,0,3,2,0,0,0,2,0,P,0.000000,0.000000,0.000000,1.518750,0
0,0,0,928,2,0,3,1,0,0,0,1,0,P,0.000000,0.000000,0.000000,6.046875,0
0,0,0,929,1,0,3,0,0,10,10,7,7,P,0.000000,0.000000,0.000000,9.843750,0
0,0,0,930,7,7,0,7,6,0,0,7,6,P,0.000000,0.000000,0.000000,0.000000,0
0,0,0,931,7,6,2,7,6,0,0,7,6,P,0.000000,-5.000000,0.000000,0.000000,0
0,0,0,932,7,6,0,7,5,0,0,7,5,P,0.000000,-5.000000,0.000000,0.000000,0
0,0,0,933,7,5,2,7,5,0,0,7,5,P,0.000000,0.000000,0.000000,0.000000,0
0,0,0,934,7,5,3,6,5,0,0,6,5,P,0.000000,0.000000,0.000000,0.000000,0
0,0,0,935,6,5,0,6,4,0,0,6,4,P,0.000000,0.000000,0.000000,0.000000,0
0,0,0,936,6,4,1,6,5,0,0,6,5,P,0.000000,0.000000,0.000000,0.000000,0
0,0,0,937,6,5,0,6,4,0,0,6,4,P,0.000000,0.000000,0.000000,0.000000,0
0,0,0,938,6,4,1,6,5,0,0,6,5,P,0.000000,0.000000,0.000000,0.000000,0
0,0,0,939,6,5,1,6,6,0,0,6,6,P,0.000000,0.000000,0.000000,0.000000,0
0,0,0,940,6,6,1,6,7,0,0,6,7,P,0.000000,0.000000,0.000000,0.000000,0
0,0,0,941,6,7,3,5,7,0,0,5,7,R,0.000000,0.000000,-5.000000,0.000000,0
0,0,0,942,5,7,2,6,7,0,0,6,7,P,0.000000,0.000000,0.000000,0.000000,0
0,0,0,943,6,7,3,5,7,0,0,5,7,P,0.000000,0.000000,-5.000000,0.000000,0
0,0,0,944,5,7,0,5,6,0,0,5,6,R,0.000000,0.000000,0.000000,0.000000,0
0,0,0,945,5,6,1,5,7,0,0,5,7,P,0.000000,0.000000,0.000000,0.000000,0
0,0,0,946,5,7,1,5,7,0,0,5,7,P,0.000000,0.000000,0.000000,0.000000,0
0,0,0,947,5,7,2,6,7,0,0,6,7,P,0.000000,0.000000,0.000000,0.000000,0
0,0,0,948,6,7,0,6,6,0,0,6,6,P,0.000000,0.000000,-5.000000,0.000000,0
0,0,0,949,6,6,2,7,6,0,0,7,6,P,0.000000,0.000000,0.000000,0.000000,0
0,0,0,950,7,6,3,6,6,0,0,6,6,P,0.000000,-5.000000,0.000000,0.000000,0
0,0,0,951,6,6,3,5,6,0,0,5,6,P,0.000000,0.000000,0.000000,0.000000,0
0,0,0,952,5,6,3,4,6,0,0,4,6,P,0.000000,0.000000,0.000000,0.000000,0
0,0,0,953,4,6,0,4,5,0,0,4,5,P,0.000000,0.000000,0.000000,0.000000,0
0,0,0,954,4,5,3,3,5,0,0,3,5,P,0.000000,0.000000,0.000000,0.000000,0
0,0,0,955,3,5,1,3,6,0,0,3,6,P,0.000000,0.000000,0.000000,0.000000,0
0,0,0,956,3,6,3,2,6,0,0,2,6,P,0.000000,0.000000,0.000000,0.000000,0
0,0,0,957,2,6,0,2,5,0,0,2,5,P,0.000000,0.000000,0.000000,0.000000,0
0,0,0,958,2,5,2,3,5,0,0,3,5,P,0.000000,0.000000,0.000000,0.000000,0
0,0,0,959,3,5,0,3,4,0,0,3,4,P,0.000000,0.000000,0.000000,0.000000,0
0,0,0,960,3,4,0,3,3,0,0,3,3,P,0.000000,0.000000,0.000000,0.000000,0
0,0,0,961,3,3,1,3,4,0,0,3,4,P,0.000000,0.000000,0.000000,0.000000,0
0,0,0,962,3,4,2,4,4,0,0,4,4,P,0.000000,0.000000,0.000000,0.000000,0
0,0,0,963,4,4,1,4,5,0,0,4,5,P,0.000000,0.000000,0.000000,0.000000,0
0,0,0,964,4,5,1,4,6,0,0,4,6,P,0.000000,0.000000,0.000000,0.000000,0
0,0,0,965,4,6,0,4,5,0,0,4,5,P,0.000000,0.000000,0.000000,0.000000,0
0,0,0,966,4,5,1,4,6,0,0,4,6,R,0.000000,0.000000,0.000000,0.000000,0
0,0,0,967,4,6,1,4,7,0,0,4,7,P,0.000000,0.000000,0.000000,0.000000,0
0,0,0,968,4,7,2,5,7,0,0,5,7,P,0.000000,0.000000,0.000000,0.000000,0
0,0,0,969,5,7,2,6,7,0,0,6,7,P,0.000000,0.000000,0.000000,0.000000,0
0,0,0,970,6,7,3,5,7,0,0,5,7,P,0.000000,0.000000,-5.000000,0.000000,0
0,0,0,971,5,7,1,5,7,0,0,5,7,P,0.000000,0.000000,0.000000,0.000000,0
0,0,0,972,5,7,3,4,7,0,0,4,7,P,0.000000,0.000000,0.000000,0.000000,0
0,0,0,973,4,7,3,3,7,0,0,3,7,P,0.000000,0.000000,0.000000,0.000000,0
0,0,0,974,3,7,1,3,7,0,0,3,7,P,0.000000,0.000000,0.000000,0.000000,0
0,0,0,975,3,7,2,4,7,0,0,4,7,P,0.000000,0.000000,0.000000,0.000000,0
0,0,0,976,4,7,0,4,6,0,0,4,6,P,0.000000,0.000000,0.000000,0.000000,0
0,0,0,977,4,6,1,4,7,0,0,4,7,P,0.000000,0.000000,0.000000,0.000000,0
0,0,0,978,4,7,0,4,6,0,0,4,6,P,0.000000,0.000000,0.000000,0.000000,0
0,0,0,979,4,6,3,3,6,0,0,3,6,P,0.000000,0.000000,0.000000,0.000000,0
0,0,0,980,3,6,3,2,6,0,0,2,6,P,0.000000,0.000000,0.000000,0.000000,0
0,0,0,981,2,6,2,3,6,0,0,3,6,P,0.000000,0.000000,0.000000,0.000000,0
0,0,0,982,3,6,2,4,6,0,0,4,6,P,0.000000,0.000000,0.000000,0.000000,0
0,0,0,983,4,6,0,4,5,0,0,4,5,P,0.000000,0.000000,0.000000,0.000000,0
0,0,0,984,4,5,0,4,4,0,0,4,4,P,0.000000,0.000000,0.000000,0.000000,0
0,0,0,985,4,4,3,3,4,0,0,3,4,P,0.000000,0.000000,0.000000,0.000000,0
0,0,0,986,3,4,1,3,5,0,0,3,5,P,0.000000,0.000000,0.000000,0.000000,0
0,0,0,987,3,5,0,3,4,0,0,3,4,P,0.000000,0.000000,0.000000,0.000000,0
0,0,0,988,3,4,0,3,3,0,0,3,3,P,0.000000,0.000000,0.000000,0.000000,0
0,0,0,989,3,3,1,3,4,0,0,3,4,P,0.000000,0.000000,0.000000,0.000000,0
0,0,0,990,3,4,3,2,4,0,0,2,4,P,0.000000,0.000000,0.000000,0.000000,0
0,0,0,991,2,4,0,2,3,0,0,2,3,P,0.000000,0.000000,0.000000,0.000000,0
0,0,0,992,2,3,3,1,3,0,0,1,3,P,0.000000,0.000000,0.000000,0.000000,0
0,0,0,993,1,3,0,1,2,0,0,1,2,P,1.252969,0.000000,0.000000,0.000000,0
0,0,0,994,1,2,0,1,1,0,0,1,1,P,4.429688,0.000000,0.000000,0.000000,0
0,0,0,995,1,1,0,1,0,0,0,1,0,P,7.804688,0.000000,0.000000,0.000000,0
0,0,0,996,1,0,3,0,0,10,10,7,7,P,0.000000,0.000000,0.000000,9.921875,0
0,0,0,997,7,7,0,7,6,0,0,7,6,P,0.000000,0.000000,0.000000,0.000000,0
0,0,0,998,7,6,3,6,6,0,0,6,6,P,0.000000,-5.000000,0.000000,0.000000,0
0,0,0,999,6,6,3,5,6,0,0,5,6,R,0.000000,0.000000,0.000000,0.000000,0
0,0,0,1000,5,6,1,5,7,0,0,5,7,P,0.000000,0.000000,0.000000,0.000000,0
0,0,0,1001,5,7,1,5,7,0,0,5,7,P,0.000000,0.000000,0.000000,0.000000,0
0,0,0,1002,5,7,2,6,7,0,0,6,7,P,0.000000,0.000000,0.000000,0.000000,0
0,0,0,1003,6,7,0,6,6,0,0,6,6,P,0.000000,0.000000,-5.000000,0.000000,0
0,0,0,1004,6,6,0,6,5,0,0,6,5,P,0.000000,0.000000,0.000000,0.000000,0
0,0,0,1005,6,5,2,7,5,0,0,7,5,P,0.000000,0.000000,0.000000,0.000000,0
0,0,0,1006,7,5,2,7,5,0,0,7,5,P,0.000000,0.000000,0.000000,0.000000,0
0,0,0,1007,7,5,2,7,5,0,0,7,5,P,0.000000,0.000000,0.000000,0.000000,0
0,0,0,1008,7,5,0,7,4,0,0,7,4,R,0.000000,0.000000,0.000000,0.000000,0
0,0,0,1009,7,4,3,6,4,0,0,6,4,P,0.000000,0.000000,0.000000,0.000000,0
0,0,0,1010,6,4,2,7,4,0,0,7,4,P,0.000000,0.000000,0.000000,0.000000,0
0,0,0,1011,7,4,3,6,4,0,0,6,4,P,0.000000,0.000000,0.000000,0.000000,0
0,0,0,1012,6,4,0,6,3,0,0,6,3,P,0.000000,0.000000,0.000000,0.000000,0
0,0,0,1013,6,3,0,6,2,0,0,6,2,R,0.000000,0.000000,0.000000,0.000000,0
0,0,0,1014,6,2,1,6,3,0,0,6,3,P,0.000000,0.000000,0.000000,0.000000,0
0,0,0,1015,6,3,0,6,2,0,0,6,2,R,0.000000,0.000000,0.000000,0.000000,0
0,0,0,1016,6,2,1,6,3,0,0,6,3,P,0.000000,0.000000,0.000000,0.000000,0
0,0,0,1017,6,3,2,7,3,0,0,7,3,P,0.000000,0.000000,0.000000,0.000000,0
0,0,0,1018,7,3,0,7,2,0,0,7,2,P,0.000000,0.000000,0.000000,0.000000,0
0,0,0,1019,7,2,2,7,2,0,0,7,2,P,0.000000,0.000000,0.000000,0.000000,0
0,0,0,1020,7,2,3,6,2,0,0,6,2,P,0.000000,0.000000,0.000000,0.000000,0
0,0,0,1021,6,2,2,7,2,0,0,7,2,P,0.000000,0.000000,0.000000,0.000000,0
0,0,0,1022,7,2,0,7,1,0,0,7,1,P,0.000000,0.000000,0.000000,0.000000,0
0,0,0,1023,7,1,1,7,2,0,0,7,2,P,0.000000,0.000000,0.000000,0.000000,0
0,0,0,1024,7,2,0,7,1,0,0,7,1,P,0.000000,0.000000,0.000000,0.000000,0
0,0,0,1025,7,1,1,7,2,0,0,7,2,P,0.000000,0.000000,0.000000,0.000000,0
0,0,0,1026,7,2,1,7,3,0,0,7,3,P,0.000000,0.000000,0.000000,0.000000,0
0,0,0,1027,7,3,0,7,2,0,0,7,2,P,0.000000,0.000000,0.000000,0.000000,0
0,0,0,1028,7,2,2,7,2,0,0,7,2,P,0.000000,0.000000,0.000000,0.000000,0
0,0,0,1029,7,2,3,6,2,0,0,6,2,P,0.000000,0.000000,0.000000,0.000000,0
0,0,0,1030,6,2,3,5,2,0,0,5,2,P,0.000000,0.000000,0.000000,0.000000,0
0,0,0,1031,5,2,1,5,3,0,0,5,3,P,0.000000,0.000000,0.000000,0.000000,0
0,0,0,1032,5,3,2,6,3,0,0,6,3,P,0.000000,0.000000,0.000000,0.000000,0
0,0,0,1033,6,3,2,7,3,0,0,7,3,P,0.000000,0.000000,0.000000,0.000000,0
0,0,0,1034,7,3,1,7,4,0,0,7,4,P,0.000000,0.000000,0.000000,0.000000,0
0,0,0,1035,7,4,1,7,5,0,0,7,5,P,0.000000,0.000000,0.000000,0.000000,0
0,0,0,1036,7,5,3,6,5,0,0,6,5,P,0.000000,0.000000,0.000000,0.000000,0
0,0,0,1037,6,5,1,6,6,0,0,6,6,P,0.000000,0.000000,0.000000,0.000000,0
0,0,0,1038,6,6,1,6,7,0,0,6,7,P,0.000000,0.000000,0.000000,0.000000,0
0,0,0,1039,6,7,2,7,7,-10,-10,0,0,R,0.000000,0.000000,-7.500000,0.000000,0
0,0,0,1040,0,0,3,0,0,0,0,0,0,P,0.000000,0.000000,0.000000,0.000000,0
0,0,0,1041,0,0,2,1,0,0,0,1,0,P,0.000000,0.000000,4.464844,0.000000,0
0,0,0,1042,1,0,3,0,0,10,10,7,7,P,0.000000,0.000000,0.000000,9.960938,0
0,0,0,1043,7,7,3,6,7,0,0,6,7,P,0.000000,0.000000,0.000000,0.000000,0
0,0,0,1044,6,7,3,5,7,0,0,5,7,R,0.000000,0.000000,-7.500000,0.000000,0
0,0,0,1045,5,7,2,6,7,0,0,6,7,P,0.000000,0.000000,0.000000,0.000000,0
0,0,0,1046,6,7,3,5,7,0,0,5,7,P,0.000000,0.000000,-7.500000,0.000000,0
0,0,0,1047,5,7,2,6,7,0,0,6,7,P,0.000000,0.000000,0.000000,0.000000,0
0,0,0,1048,6,7,0,6,6,0,0,6,6,P,0.000000,0.000000,-7.500000,0.000000,0
0,0,0,1049,6,6,1,6,7,0,0,6,7,P,0.000000,0.000000,0.000000,0.000000,0
0,0,0,1050,6,7,3,5,7,0,0,5,7,P,0.000000,0.000000,-7.500000,0.000000,0
0,0,0,1051,5,7,2,6,7,0,0,6,7,P,0.000000,0.000000,0.000000,0.000000,0
0,0,0,1052,6,7,3,5,7,0,0,5,7,P,0.000000,0.000000,-7.500000,0.000000,0
0,0,0,1053,5,7,2,6,7,0,0,6,7,P,0.000000,0.000000,0.000000,0.000000,0
0,0,0,1054,6,7,1,6,7,0,0,6,7,P,0.000000,0.000000,-7.500000,0.000000,0
0,0,0,1055,6,7,1,6,7,0,0,6,7,P,0.000000,0.000000,-7.500000,0.000000,0
0,0,0,1056,6,7,1,6,7,0,0,6,7,P,0.000000,0.000000,-7.500000,0.000000,0
0,0,0,1057,6,7,0,6,6,0,0,6,6,P,0.000000,0.000000,-7.500000,0.000000,0
0,0,0,1058,6,6,3,5,6,0,0,5,6,P,0.000000,0.000000,0.000000,0.000000,0
0,0,0,1059,5,6,0,5,5,0,0,5,5,P,0.000000,0.000000,0.000000,0.000000,0
0,0,0,1060,5,5,1,5,6,0,0,5,6,P,0.000000,0.000000,0.000000,0.000000,0
0,0,0,1061,5,6,1,5,7,0,0,5,7,P,0.000000,0.000000,0.000000,0.000000,0
0,0,0,1062,5,7,0,5,6,0,0,5,6,P,0.000000,0.000000,0.000000,0.000000,0
0,0,0,1063,5,6,1,5,7,0,0,5,7,P,0.000000,0.000000,0.000000,0.000000,0
0,0,0,1064,5,7,0,5,6,0,0,5,6,P,0.000000,0.000000,0.000000,0.000000,0
0,0,0,1065,5,6,0,5,5,0,0,5,5,P,0.000000,0.000000,0.000000,0.000000,0
0,0,0,1066,5,5,0,5,4,0,0,5,4,P,0.000000,0.000000,0.000000,0.000000,0
0,0,0,1067,5,4,2,6,4,0,0,6,4,P,0.000000,0.000000,0.000000,0.000000,0
0,0,0,1068,6,4,3,5,4,0,0,5,4,P,0.000000,0.000000,0.000000,0.000000,0
0,0,0,1069,5,4,0,5,3,0,0,5,3,P,0.000000,0.000000,0.000000,0.000000,0
0,0,0,1070,5,3,0,5,2,0,0,5,2,P,0.000000,0.000000,0.000000,0.000000,0
0,0,0,1071,5,2,0,5,1,0,0,5,1,P,0.000000,0.000000,0.000000,0.000000,0
0,0,0,1072,5,1,2,6,1,0,0,6,1,P,0.000000,0.000000,0.000000,0.000000,0
0,0,0,1073,6,1,2,7,1,0,0,7,1,P,0.000000,0.000000,0.000000,0.000000,0
0,0,0,1074,7,1,2,7,1,0,0,7,1,P,0.000000,0.000000,0.000000,0.000000,0
0,0,0,1075,7,1,2,7,1,0,0,7,1,P,0.000000,0.000000,0.000000,0.000000,0
0,0,0,1076,7,1,2,7,1,0,0,7,1,P,0.000000,0.000000,0.000000,0.000000,0
0,0,0,1077,7,1,1,7,2,0,0,7,2,P,0.000000,0.000000,0.000000,0.000000,0
0,0,0,1078,7,2,2,7,2,0,0,7,2,P,0.000000,0.000000,0.000000,0.000000,0
0,0,0,1079,7,2,1,7,3,0,0,7,3,P,0.000000,0.000000,0.000000,0.000000,0
0,0,0,1080,7,3,1,7,4,0,0,7,4,P,0.000000,0.000000,0.000000,0.000000,0
0,0,0,1081,7,4,2,7,4,0,0,7,4,P,0.000000,0.000000,0.000000,0.000000,0
0,0,0,1082,7,4,1,7,5,0,0,7,5,P,0.000000,0.000000,0.000000,0.000000,0
0,0,0,1083,7,5,1,7,6,0,0,7,6,P,0.000000,0.000000,0.000000,0.000000,0
0,0,0,1084,7,6,0,7,5,0,0,7,5,P,0.000000,-5.000000,0.000000,0.000000,0
0,0,0,1085,7,5,0,7,4,0,0,7,4,P,0.000000,0.000000,0.000000,0.000000,0
0,0,0,1086,7,4,0,7,3,0,0,7,3,P,0.000000,0.000000,0.000000,0.000000,0
0,0,0,1087,7,3,0,7,2,0,0,7,2,P,0.000000,0.000000,0.000000,0.000000,0
0,0,0,1088,7,2,2,7,2,0,0,7,2,P,0.000000,0.000000,0.000000,0.000000,0
0,0,0,1089,7,2,1,7,3,0,0,7,3,P,0.000000,0.000000,0.000000,0.000000,0
0,0,0,1090,7,3,0,7,2,0,0,7,2,P,0.000000,0.000000,0.000000,0.000000,0
0,0,0,1091,7,2,3,6,2,0,0,6,2,P,0.000000,0.000000,0.000000,0.000000,0
0,0,0,1092,6,2,2,7,2,0,0,7,2,P,0.000000,0.000000,0.000000,0.000000,0
0,0,0,1093,7,2,2,7,2,0,0,7,2,P,0.000000,0.000000,0.000000,0.000000,0
0,0,0,1094,7,2,0,7,1,0,0,7,1,P,0.000000,0.000000,0.000000,0.000000,0
0,0,0,1095,7,1,2,7,1,0,0,7,1,P,0.000000,0.000000,0.000000,0.000000,0
0,0,0,1096,7,1,2,7,1,0,0,7,1,P,0.000000,0.000000,0.000000,0.000000,0
0,0,0,1097,7,1,2,7,1,0,0,7,1,P,0.000000,0.000000,0.000000,0.000000,0
0,0,0,1098,7,1,3,6,1,0,0,6,1,P,0.000000,0.000000,0.000000,0.000000,0
0,0,0,1099,6,1,1,6,2,0,0,6,2,P,0.000000,0.000000,0.000000,0.000000,0
0,0,0,1100,6,2,2,7,2,0,0,7,2,P,0.000000,0.000000,0.000000,0.000000,0
0,0,0,1101,7,2,0,7,1,0,0,7,1,P,0.000000,0.000000,0.000000,0.000000,0
0,0,0,1102,7,1,3,6,1,0,0,6,1,P,0.000000,0.000000,0.000000,0.000000,0
0,0,0,1103,6,1,0,6,0,0,0,6,0,P,0.000000,0.000000,0.000000,0.000000,0
0,0,0,1104,6,0,2,7,0,0,0,7,0,P,0.000000,0.000000,0.000000,0.000000,0
0,0,0,1105,7,0,1,7,1,0,0,7,1,P,0.000000,0.000000,0.000000,0.000000,0
0,0,0,1106,7,1,1,7,2,0,0,7,2,P,0.000000,0.000000,0.000000,0.000000,0
0,0,0,1107,7,2,2,7,2,0,0,7,2,P,0.000000,0.000000,0.000000,0.000000,0
0,0,0,1108,7,2,0,7,1,0,0,7,1,P,0.000000,0.000000,0.000000,0.000000,0
0,0,0,1109,7,1,3,6,1,0,0,6,1,P,0.000000,0.000000,0.000000,0.000000,0
0,0,0,1110,6,1,2,7,1,0,0,7,1,P,0.000000,0.000000,0.000000,0.000000,0
0,0,0,1111,7,1,2,7,1,0,0,7,1,P,0.000000,0.000000,0.000000,0.000000,0
0,0,0,1112,7,1,2,7,1,0,0,7,1,P,0.000000,0.000000,0.000000,0.000000,0
0,0,0,1113,7,1,3,6,1,0,0,6,1,P,0.000000,0.000000,0.000000,0.000000,0
0,0,0,1114,6,1,2,7,1,0,0,7,1,P,0.000000,0.000000,0.000000,0.000000,0
0,0,0,1115,7,1,0,7,0,0,0,7,0,R,0.000000,0.000000,0.000000,0.000000,0
0,0,0,1116,7,0,0,7,0,0,0,7,0,P,0.000000,0.000000,0.000000,0.000000,0
0,0,0,1117,7,0,0,7,0,0,0,7,0,P,0.000000,0.000000,0.000000,0.000000,0
0,0,0,1118,7,0,2,7,0,0,0,7,0,P,0.000000,0.000000,0.000000,0.000000,0
0,0,0,1119,7,0,3,6,0,0,0,6,0,P,0.000000,0.000000,0.000000,0.000000,0
0,0,0,1120,6,0,1,6,1,0,0,6,1,P,0.000000,0.000000,0.000000,0.000000,0
0,0,0,1121,6,1,3,5,1,0,0,5,1,P,0.000000,0.000000,0.000000,0.000000,0
0,0,0,1122,5,1,3,4,1,0,0,4,1,P,0.000000,0.000000,0.000000,0.000000,0
0,0,0,1123,4,1,3,3,1,0,0,3,1,P,0.000000,0.000000,0.000000,0.000000,0
0,0,0,1124,3,1,0,3,0,0,0,3,0,P,0.683438,0.000000,0.000000,0.000000,0
0,0,0,1125,3,0,3,2,0,0,0,2,0,P,0.000000,0.000000,0.000000,3.480469,0
0,0,0,1126,2,0,3,1,0,0,0,1,0,P,0.000000,0.000000,0.000000,7.505859,0
0,0,0,1127,1,0,3,0,0,10,10,7,7,P,0.000000,0.000000,0.000000,9.980469,0
0,0,0,1128,7,7,3,6,7,0,0,6,7,P,0.000000,0.000000,0.000000,0.000000,0
0,0,0,1129,6,7,0,6,6,0,0,6,6,P,0.000000,0.000000,-7.500000,0.000000,0
0,0,0,1130,6,6,1,6,7,0,0,6,7,P,0.000000,0.000000,0.000000,0.000000,0
0,0,0,1131,6,7,1,6,7,0,0,6,7,P,0.000000,0.000000,-7.500000,0.000000,0
0,0,0,1132,6,7,3,5,7,0,0,5,7,P,0.000000,0.000000,-7.500000,0.000000,0
0,0,0,1133,5,7,3,4,7,0,0,4,7,P,0.000000,0.000000,0.000000,0.000000,0
0,0,0,1134,4,7,1,4,7,0,0,4,7,R,0.000000,0.000000,0.000000,0.000000,0
0,0,0,1135,4,7,0,4,6,0,0,4,6,P,0.000000,0.000000,0.000000,0.000000,0
0,0,0,1136,4,6,0,4,5,0,0,4,5,P,0.000000,0.000000,0.000000,0.000000,0
0,0,0,1137,4,5,2,5,5,0,0,5,5,P,0.000000,0.000000,0.000000,0.000000,0
0,0,0,1138,5,5,0,5,4,0,0,5,4,R,0.000000,0.000000,0.000000,0.000000,0
0,0,0,1139,5,4,3,4,4,0,0,4,4,P,0.000000,0.000000,0.000000,0.000000,0
0,0,0,1140,4,4,0,4,3,0,0,4,3,P,0.000000,0.000000,0.000000,0.000000,0
0,0,0,1141,4,3,1,4,4,0,0,4,4,P,0.000000,0.000000,0.000000,0.000000,0
0,0,0,1142,4,4,0,4,3,0,0,4,3,P,0.000000,0.000000,0.000000,0.000000,0
0,0,0,1143,4,3,3,3,3,0,0,3,3,P,0.000000,0.000000,0.000000,0.000000,0
0,0,0,1144,3,3,3,2,3,0,0,2,3,P,0.000000,0.000000,0.000000,0.000000,0
0,0,0,1145,2,3,1,2,4,0,0,2,4,P,0.000000,0.000000,0.000000,0.000000,0
0,0,0,1146,2,4,3,1,4,0,0,1,4,P,0.000000,0.000000,0.000000,0.000000,0
0,0,0,1147,1,4,2,2,4,0,0,2,4,P,0.000000,0.000000,0.000000,0.000000,0
0,0,0,1148,2,4,0,2,3,0,0,2,3,P,0.000000,0.000000,0.000000,0.000000,0
0,0,0,1149,2,3,3,1,3,0,0,1,3,P,0.000000,0.000000,0.000000,0.563836,0
0,0,0,1150,1,3,0,1,2,0,0,1,2,P,2.619844,0.000000,0.000000,0.000000,0
0,0,0,1151,1,2,0,1,1,0,0,1,1,P,5.726953,0.000000,0.000000,0.000000,0
0,0,0,1152,1,1,0,1,0,0,0,1,0,P,8.393555,0.000000,0.000000,0.000000,0
0,0,0,1153,1,0,3,0,0,10,10,7,7,P,0.000000,0.000000,0.000000,9.990234,0
0,0,0,1154,7,7,2,7,7,0,0,7,7,P,0.000000,0.000000,0.000000,0.000000,0
0,0,0,1155,7,7,1,7,7,0,0,7,7,R,0.000000,0.000000,0.000000,0.000000,0
0,0,0,1156,7,7,3,6,7,0,0,6,7,P,0.000000,0.000000,0.000000,0.000000,0
0,0,0,1157,6,7,1,6,7,0,0,6,7,P,0.000000,0.000000,-7.500000,0.000000,0
0,0,0,1158,6,7,3,5,7,0,0,5,7,P,0.000000,0.000000,-7.500000,0.000000,0
0,0,0,1159,5,7,2,6,7,0,0,6,7,P,0.000000,0.000000,0.000000,0.000000,0
0,0,0,1160,6,7,3,5,7,0,0,5,7,P,0.000000,0.000000,-7.500000,0.000000,0
0,0,0,1161,5,7,3,4,7,0,0,4,7,P,0.000000,0.000000,0.000000,0.000000,0
0,0,0,1162,4,7,0,4,6,0,0,4,6,P,0.000000,0.000000,0.000000,0.000000,0
0,0,0,1163,4,6,1,4,7,0,0,4,7,P,0.000000,0.000000,0.000000,0.000000,0
0,0,0,1164,4,7,1,4,7,0,0,4,7,P,0.000000,0.000000,0.000000,0.000000,0
0,0,0,1165,4,7,2,5,7,0,0,5,7,P,0.000000,0.000000,0.000000,0.000000,0
0,0,0,1166,5,7,2,6,7,0,0,6,7,P,0.000000,0.000000,0.000000,0.000000,0
0,0,0,1167,6,7,3,5,7,0,0,5,7,P,0.000000,0.000000,-7.500000,0.000000,0
0,0,0,1168,5,7,0,5,6,0,0,5,6,P,0.000000,0.000000,0.000000,0.000000,0
0,0,0,1169,5,6,0,5,5,0,0,5,5,P,0.000000,0.000000,0.000000,0.000000,0
0,0,0,1170,5,5,0,5,4,0,0,5,4,P,0.000000,0.000000,0.000000,0.000000,0
0,0,0,1171,5,4,2,6,4,0,0,6,4,P,0.000000,0.000000,0.000000,0.000000,0
0,0,0,1172,6,4,3,5,4,0,0,5,4,P,0.000000,0.000000,0.000000,0.000000,0
0,0,0,1173,5,4,2,6,4,0,0,6,4,P,0.000000,0.000000,0.000000,0.000000,0
0,0,0,1174,6,4,0,6,3,0,0,6,3,P,0.000000,0.000000,0.000000,0.000000,0
0,0,0,1175,6,3,2,7,3,0,0,7,3,P,0.000000,0.000000,0.000000,0.000000,0
0,0,0,1176,7,3,2,7,3,0,0,7,3,P,0.000000,0.000000,0.000000,0.000000,0
0,0,0,1177,7,3,3,6,3,0,0,6,3,P,0.000000,0.000000,0.000000,0.000000,0
0,0,0,1178,6,3,3,5,3,0,0,5,3,R,0.000000,0.000000,0.000000,0.000000,0
0,0,0,1179,5,3,0,5,2,0,0,5,2,P,0.000000,0.000000,0.000000,0.000000,0
0,0,0,1180,5,2,0,5,1,0,0,5,1,P,0.000000,0.000000,0.000000,0.000000,0
0,0,0,1181,5,1,2,6,1,0,0,6,1,P,0.000000,0.000000,0.000000,0.000000,0
0,0,0,1182,6,1,2,7,1,0,0,7,1,P,0.000000,0.000000,0.000000,0.000000,0
0,0,0,1183,7,1,0,7,0,0,0,7,0,P,0.000000,0.000000,0.000000,0.000000,0
0,0,0,1184,7,0,1,7,1,0,0,7,1,P,0.000000,0.000000,0.000000,0.000000,0
0,0,0,1185,7,1,3,6,1,0,0,6,1,P,0.000000,0.000000,0.000000,0.000000,0
0,0,0,1186,6,1,3,5,1,0,0,5,1,P,0.000000,0.000000,0.000000,0.000000,0
0,0,0,1187,5,1,1,5,2,0,0,5,2,P,0.000000,0.000000,0.000000,0.000000,0
0,0,0,1188,5,2,1,5,3,0,0,5,3,P,0.000000,0.000000,0.000000,0.000000,0
0,0,0,1189,5,3,3,4,3,0,0,4,3,P,0.000000,0.000000,0.000000,0.000000,0
0,0,0,1190,4,3,3,3,3,0,0,3,3,P,0.000000,0.000000,0.000000,0.000000,0
0,0,0,1191,3,3,1,3,4,0,0,3,4,P,0.000000,0.000000,0.000000,0.000000,0
0,0,0,1192,3,4,3,2,4,0,0,2,4,P,0.000000,0.000000,0.000000,0.000000,0
0,0,0,1193,2,4,1,2,5,0,0,2,5,P,0.000000,0.000000,0.000000,0.000000,0
0,0,0,1194,2,5,1,2,6,0,0,2,6,P,0.000000,0.000000,0.000000,0.000000,0
0,0,0,1195,2,6,3,1,6,0,0,1,6,P,0.000000,0.000000,0.000000,0.000000,0
0,0,0,1196,1,6,2,2,6,0,0,2,6,P,0.000000,0.000000,0.000000,0.000000,0
0,0,0,1197,2,6,3,1,6,0,0,1,6,P,0.000000,0.000000,0.000000,0.000000,0
0,0,0,1198,1,6,2,2,6,0,0,2,6,P,0.000000,0.000000,0.000000,0.000000,0
0,0,0,1199,2,6,2,3,6,0,0,3,6,P,0.000000,0.000000,0.000000,0.000000,0
0,0,0,1200,3,6,2,4,6,0,0,4,6,P,0.000000,0.000000,0.000000,0.000000,0
0,0,0,1201,4,6,1,4,7,0,0,4,7,P,0.000000,0.000000,0.000000,0.000000,0
0,0,0,1202,4,7,1,4,7,0,0,4,7,P,0.000000,0.000000,0.000000,0.000000,0
0,0,0,1203,4,7,3,3,7,0,0,3,7,P,0.000000,0.000000,0.000000,0.000000,0
0,0,0,1204,3,7,1,3,7,0,0,3,7,P,0.000000,0.000000,0.000000,0.000000,0
0,0,0,1205,3,7,0,3,6,0,0,3,6,P,0.000000,0.000000,0.000000,0.000000,0
0,0,0,1206,3,6,1,3,7,0,0,3,7,P,0.000000,0.000000,0.000000,0.000000,0
0,0,0,1207,3,7,3,2,7,0,0,2,7,P,0.000000,0.000000,0.000000,0.000000,0
0,0,0,1208,2,7,0,2,6,0,0,2,6,P,0.000000,0.000000,0.000000,0.000000,0
0,0,0,1209,2,6,0,2,5,0,0,2,5,P,0.000000,0.000000,0.000000,0.000000,0
0,0,0,1210,2,5,1,2,6,0,0,2,6,P,0.000000,0.000000,0.000000,0.000000,0
0,0,0,1211,2,6,2,3,6,0,0,3,6,P,0.000000,0.000000,0.000000,0.000000,0
0,0,0,1212,3,6,1,3,7,0,0,3,7,R,0.000000,0.000000,0.000000,0.000000,0
0,0,0,1213,3,7,0,3,6,0,0,3,6,P,0.000000,0.000000,0.000000,0.000000,0
0,0,0,1214,3,6,3,2,6,0,0,2,6,P,0.000000,0.000000,0.000000,0.000000,0
0,0,0,1215,2,6,2,3,6,0,0,3,6,P,0.000000,0.000000,0.000000,0.000000,0
0,0,0,1216,3,6,2,4,6,0,0,4,6,P,0.000000,0.000000,0.000000,0.000000,0
0,0,0,1217,4,6,3,3,6,0,0,3,6,P,0.000000,0.000000,0.000000,0.000000,0
0,0,0,1218,3,6,1,3,7,0,0,3,7,P,0.000000,0.000000,0.000000,0.000000,0
0,0,0,1219,3,7,2,4,7,0,0,4,7,P,0.000000,0.000000,0.000000,0.000000,0
0,0,0,1220,4,7,0,4,6,0,0,4,6,P,0.000000,0.000000,0.000000,0.000000,0
0,0,0,1221,4,6,3,3,6,0,0,3,6,P,0.000000,0.000000,0.000000,0.000000,0
0,0,0,1222,3,6,1,3,7,0,0,3,7,P,0.000000,0.000000,0.000000,0.000000,0
0,0,0,1223,3,7,3,2,7,0,0,2,7,P,0.000000,0.000000,0.000000,0.000000,0
0,0,0,1224,2,7,0,2,6,0,0,2,6,P,0.000000,0.000000,0.000000,0.000000,0
0,0,0,1225,2,6,1,2,7,0,0,2,7,P,0.000000,0.000000,0.000000,0.000000,0
0,0,0,1226,2,7,2,3,7,0,0,3,7,P,0.000000,0.000000,0.000000,0.000000,0
0,0,0,1227,3,7,1,3,7,0,0,3,7,P,0.000000,0.000000,0.000000,0.000000,0
0,0,0,1228,3,7,2,4,7,0,0,4,7,P,0.000000,0.000000,0.000000,0.000000,0
0,0,0,1229,4,7,3,3,7,0,0,3,7,P,0.000000,0.000000,0.000000,0.000000,0
0,0,0,1230,3,7,1,3,7,0,0,3,7,P,0.000000,0.000000,0.000000,0.000000,0
0,0,0,1231,3,7,0,3,6,0,0,3,6,R,0.000000,0.000000,0.000000,0.000000,0
0,0,0,1232,3,6,1,3,7,0,0,3,7,P,0.000000,0.000000,0.000000,0.000000,0
0,0,0,1233,3,7,2,4,7,0,0,4,7,P,0.000000,0.000000,0.000000,0.000000,0
0,0,0,1234,4,7,1,4,7,0,0,4,7,P,0.000000,0.000000,0.000000,0.000000,0
0,0,0,1235,4,7,3,3,7,0,0,3,7,P,0.000000,0.000000,0.000000,0.000000,0
0,0,0,1236,3,7,0,3,6,0,0,3,6,P,0.000000,0.000000,0.000000,0.000000,0
0,0,0,1237,3,6,2,4,6,0,0,4,6,P,0.000000,0.000000,0.000000,0.000000,0
0,0,0,1238,4,6,2,5,6,0,0,5,6,P,0.000000,0.000000,0.000000,0.000000,0
0,0,0,1239,5,6,3,4,6,0,0,4,6,P,0.000000,0.000000,0.000000,0.000000,0
0,0,0,1240,4,6,2,5,6,0,0,5,6,P,0.000000,0.000000,0.000000,0.000000,0
0,0,0,1241,5,6,2,6,6,0,0,6,6,P,0.000000,0.000000,0.000000,0.000000,0
0,0,0,1242,6,6,2,7,6,0,0,7,6,P,0.000000,0.000000,0.000000,0.000000,0
0,0,0,1243,7,6,0,7,5,0,0,7,5,P,0.000000,-5.000000,0.000000,0.000000,0
0,0,0,1244,7,5,2,7,5,0,0,7,5,P,0.000000,0.000000,0.000000,0.000000,0
0,0,0,1245,7,5,3,6,5,0,0,6,5,P,0.000000,0.000000,0.000000,0.000000,0
0,0,0,1246,6,5,3,5,5,0,0,5,5,R,0.000000,0.000000,0.000000,0.000000,0
0,0,0,1247,5,5,2,6,5,0,0,6,5,P,0.000000,0.000000,0.000000,0.000000,0
0,0,0,1248,6,5,2,7,5,0,0,7,5,P,0.000000,0.000000,0.000000,0.000000,0
0,0,0,1249,7,5,3,6,5,0,0,6,5,P,0.000000,0.000000,0.000000,0.000000,0
0,0,0,1250,6,5,3,5,5,0,0,5,5,P,0.000000,0.000000,0.000000,0.000000,0
0,0,0,1251,5,5,2,6,5,0,0,6,5,P,0.000000,0.000000,0.000000,0.000000,0
0,0,0,1252,6,5,0,6,4,0,0,6,4,P,0.000000,0.000000,0.000000,0.000000,0
0,0,0,1253,6,4,3,5,4,0,0,5,4,P,0.000000,0.000000,0.000000,0.000000,0
0,0,0,1254,5,4,1,5,5,0,0,5,5,P,0.000000,0.000000,0.000000,0.000000,0
0,0,0,1255,5,5,3,4,5,0,0,4,5,P,0.000000,0.000000,0.000000,0.000000,0
0,0,0,1256,4,5,0,4,4,0,0,4,4,P,0.000000,0.000000,0.000000,0.000000,0
0,0,0,1257,4,4,2,5,4,0,0,5,4,R,0.000000,0.000000,0.000000,0.000000,0
0,0,0,1258,5,4,0,5,3,0,0,5,3,P,0.000000,0.000000,0.000000,0.000000,0
0,0,0,1259,5,3,1,5,4,0,0,5,4,P,0.000000,0.000000,0.000000,0.000000,0
0,0,0,1260,5,4,0,5,3,0,0,5,3,P,0.000000,0.000000,0.000000,0.000000,0
0,0,0,1261,5,3,3,4,3,0,0,4,3,P,0.000000,0.000000,0.000000,0.000000,0
0,0,0,1262,4,3,3,3,3,0,0,3,3,P,0.000000,0.000000,0.000000,0.000000,0
0,0,0,1263,3,3,3,2,3,0,0,2,3,P,0.000000,0.000000,0.000000,0.253726,0
0,0,0,1264,2,3,3,1,3,0,0,1,3,P,0.000000,0.000000,0.000000,1.460848,0
0,0,0,1265,1,3,0,1,2,0,0,1,2,P,3.887051,0.000000,0.000000,0.000000,0
0,0,0,1266,1,2,0,1,1,0,0,1,1,P,6.640576,0.000000,0.000000,0.000000,0
0,0,0,1267,1,1,0,1,0,0,0,1,0,P,8.692383,0.000000,0.000000,0.000000,0
0,0,0,1268,1,0,3,0,0,10,10,7,7,P,0.000000,0.000000,0.000000,9.995117,0
0,0,0,1269,7,7,3,6,7,0,0,6,7,P,0.000000,0.000000,0.000000,0.000000,0
0,0,0,1270,6,7,3,5,7,0,0,5,7,P,0.000000,0.000000,-7.500000,0.000000,0
0,0,0,1271,5,7,3,4,7,0,0,4,7,P,0.000000,0.000000,0.000000,0.000000,0
0,0,0,1272,4,7,1,4,7,0,0,4,7,P,0.000000,0.000000,0.000000,0.000000,0
0,0,0,1273,4,7,0,4,6,0,0,4,6,P,0.000000,0.000000,0.000000,0.000000,0
0,0,0,1274,4,6,2,5,6,0,0,5,6,P,0.000000,0.000000,0.000000,0.000000,0
0,0,0,1275,5,6,1,5,7,0,0,5,7,P,0.000000,0.000000,0.000000,0.000000,0
0,0,0,1276,5,7,3,4,7,0,0,4,7,P,0.000000,0.000000,0.000000,0.000000,0
0,0,0,1277,4,7,2,5,7,0,0,5,7,P,0.000000,0.000000,0.000000,0.000000,0
0,0,0,1278,5,7,3,4,7,0,0,4,7,P,0.000000,0.000000,0.000000,0.000000,0
0,0,0,1279,4,7,1,4,7,0,0,4,7,P,0.000000,0.000000,0.000000,0.000000,0
0,0,0,1280,4,7,3,3,7,0,0,3,7,P,0.000000,0.000000,0.000000,0.000000,0
0,0,0,1281,3,7,1,3,7,0,0,3,7,P,0.000000,0.000000,0.000000,0.000000,0
0,0,0,1282,3,7,2,4,7,0,0,4,7,P,0.000000,0.000000,0.000000,0.000000,0
0,0,0,1283,4,7,3,3,7,0,0,3,7,P,0.000000,0.000000,0.000000,0.000000,0
0,0,0,1284,3,7,1,3,7,0,0,3,7,P,0.000000,0.000000,0.000000,0.000000,0
0,0,0,1285,3,7,1,3,7,0,0,3,7,P,0.000000,0.000000,0.000000,0.000000,0
0,0,0,1286,3,7,1,3,7,0,0,3,7,P,0.000000,0.000000,0.000000,0.000000,0
0,0,0,1287,3,7,0,3,6,0,0,3,6,P,0.000000,0.000000,0.000000,0.000000,0
0,0,0,1288,3,6,0,3,5,0,0,3,5,P,0.000000,0.000000,0.000000,0.000000,0
0,0,0,1289,3,5,1,3,6,0,0,3,6,P,0.000000,0.000000,0.000000,0.000000,0
0,0,0,1290,3,6,3,2,6,0,0,2,6,P,0.000000,0.000000,0.000000,0.000000,0
0,0,0,1291,2,6,0,2,5,0,0,2,5,P,0.000000,0.000000,0.000000,0.000000,0
0,0,0,1292,2,5,1,2,6,0,0,2,6,P,0.000000,0.000000,0.000000,0.000000,0
0,0,0,1293,2,6,3,1,6,0,0,1,6,P,0.000000,0.000000,0.000000,0.000000,0
0,0,0,1294,1,6,3,0,6,0,0,0,6,P,0.000000,0.000000,0.000000,0.000000,0
0,0,0,1295,0,6,3,0,6,0,0,0,6,P,0.000000,0.000000,0.000000,0.000000,0
0,0,0,1296,0,6,3,0,6,0,0,0,6,P,0.000000,0.000000,0.000000,0.000000,0
0,0,0,1297,0,6,3,0,6,0,0,0,6,P,0.000000,0.000000,0.000000,0.000000,0
0,0,0,1298,0,6,3,0,6,0,0,0,6,P,0.000000,0.000000,0.000000,0.000000,0
0,0,0,1299,0,6,3,0,6,0,0,0,6,P,0.000000,0.000000,0.000000,0.000000,0
0,0,0,1300,0,6,2,1,6,0,0,1,6,P,0.000000,0.000000,0.000000,0.000000,0
0,0,0,1301,1,6,2,2,6,0,0,2,6,P,0.000000,0.000000,0.000000,0.000000,0
0,0,0,1302,2,6,0,2,5,0,0,2,5,P,0.000000,0.000000,0.000000,0.000000,0
0,0,0,1303,2,5,1,2,6,0,0,2,6,P,0.000000,0.000000,0.000000,0.000000,0
0,0,0,1304,2,6,0,2,5,0,0,2,5,P,0.000000,0.000000,0.000000,0.000000,0
0,0,0,1305,2,5,2,3,5,0,0,3,5,P,0.000000,0.000000,0.000000,0.000000,0
0,0,0,1306,3,5,2,4,5,0,0,4,5,P,0.000000,0.000000,0.000000,0.000000,0
0,0,0,1307,4,5,3,3,5,0,0,3,5,P,0.000000,0.000000,0.000000,0.000000,0
0,0,0,1308,3,5,3,2,5,0,0,2,5,P,0.000000,0.000000,0.000000,0.000000,0
0,0,0,1309,2,5,0,2,4,0,0,2,4,P,0.000000,0.000000,0.000000,0.000000,0
0,0,0,1310,2,4,1,2,5,0,0,2,5,P,0.000000,0.000000,0.000000,0.000000,0
0,0,0,1311,2,5,2,3,5,0,0,3,5,P,0.000000,0.000000,0.000000,0.000000,0
0,0,0,1312,3,5,2,4,5,0,0,4,5,P,0.000000,0.000000,0.000000,0.000000,0
0,0,0,1313,4,5,3,3,5,0,0,3,5,P,0.000000,0.000000,0.000000,0.000000,0
0,0,0,1314,3,5,2,4,5,0,0,4,5,P,0.000000,0.000000,0.000000,0.000000,0
0,0,0,1315,4,5,1,4,6,0,0,4,6,P,0.000000,0.000000,0.000000,0.000000,0
0,0,0,1316,4,6,0,4,5,0,0,4,5,P,0.000000,0.000000,0.000000,0.000000,0
0,0,0,1317,4,5,2,5,5,0,0,5,5,P,0.000000,0.000000,0.000000,0.000000,0
0,0,0,1318,5,5,3,4,5,0,0,4,5,P,0.000000,0.000000,0.000000,0.000000,0
0,0,0,1319,4,5,3,3,5,0,0,3,5,R,0.000000,0.000000,0.000000,0.000000,0
0,0,0,1320,3,5,3,2,5,0,0,2,5,P,0.000000,0.000000,0.000000,0.000000,0
0,0,0,1321,2,5,3,1,5,0,0,1,5,P,0.000000,0.000000,0.000000,0.000000,0
0,0,0,1322,1,5,3,0,5,0,0,0,5,P,0.000000,0.000000,0.000000,0.000000,0
0,0,0,1323,0,5,0,0,4,0,0,0,4,P,0.000000,0.000000,0.000000,0.000000,0
0,0,0,1324,0,4,3,0,4,0,0,0,4,P,0.000000,0.000000,0.000000,0.000000,0
0,0,0,1325,0,4,2,1,4,0,0,1,4,P,0.000000,0.000000,0.000000,0.000000,0
0,0,0,1326,1,4,2,2,4,0,0,2,4,P,0.000000,0.000000,0.000000,0.000000,0
0,0,0,1327,2,4,1,2,5,0,0,2,5,P,0.000000,0.000000,0.000000,0.000000,0
0,0,0,1328,2,5,2,3,5,0,0,3,5,P,0.000000,0.000000,0.000000,0.000000,0
0,0,0,1329,3,5,1,3,6,0,0,3,6,P,0.000000,0.000000,0.000000,0.000000,0
0,0,0,1330,3,6,2,4,6,0,0,4,6,P,0.000000,0.000000,0.000000,0.000000,0
0,0,0,1331,4,6,2,5,6,0,0,5,6,P,0.000000,0.000000,0.000000,0.000000,0
0,0,0,1332,5,6,2,6,6,0,0,6,6,P,0.000000,0.000000,0.000000,0.000000,0
0,0,0,1333,6,6,0,6,5,0,0,6,5,P,0.000000,0.000000,0.000000,0.000000,0
0,0,0,1334,6,5,2,7,5,0,0,7,5,P,0.000000,0.000000,0.000000,0.000000,0
0,0,0,1335,7,5,0,7,4,0,0,7,4,P,0.000000,0.000000,0.000000,0.000000,0
0,0,0,1336,7,4,3,6,4,0,0,6,4,P,0.000000,0.000000,0.000000,0.000000,0
0,0,0,1337,6,4,1,6,5,0,0,6,5,P,0.000000,0.000000,0.000000,0.000000,0
0,0,0,1338,6,5,1,6,6,0,0,6,6,P,0.000000,0.000000,0.000000,0.000000,0
0,0,0,1339,6,6,2,7,6,0,0,7,6,P,0.000000,0.000000,0.000000,0.000000,0
0,0,0,1340,7,6,2,7,6,0,0,7,6,P,0.000000,-5.000000,0.000000,0.000000,0
0,0,0,1341,7,6,3,6,6,0,0,6,6,P,0.000000,-5.000000,0.000000,0.000000,0
0,0,0,1342,6,6,3,5,6,0,0,5,6,P,0.000000,0.000000,0.000000,0.000000,0
0,0,0,1343,5,6,2,6,6,0,0,6,6,P,0.000000,0.000000,0.000000,0.000000,0
0,0,0,1344,6,6,2,7,6,0,0,7,6,P,0.000000,0.000000,0.000000,0.000000,0
0,0,0,1345,7,6,3,6,6,0,0,6,6,P,0.000000,-5.000000,0.000000,0.000000,0
0,0,0,1346,6,6,1,6,7,0,0,6,7,P,0.000000,0.000000,0.000000,0.000000,0
0,0,0,1347,6,7,3,5,7,0,0,5,7,P,0.000000,0.000000,-7.500000,0.000000,0
0,0,0,1348,5,7,3,4,7,0,0,4,7,P,0.000000,0.000000,0.000000,0.000000,0
0,0,0,1349,4,7,1,4,7,0,0,4,7,R,0.000000,0.000000,0.000000,0.000000,0
0,0,0,1350,4,7,2,5,7,0,0,5,7,P,0.000000,0.000000,0.000000,0.000000,0
0,0,0,1351,5,7,2,6,7,0,0,6,7,P,0.000000,0.000000,0.000000,0.000000,0
0,0,0,1352,6,7,3,5,7,0,0,5,7,P,0.000000,0.000000,-7.500000,0.000000,0
0,0,0,1353,5,7,0,5,6,0,0,5,6,R,0.000000,0.000000,0.000000,0.000000,0
0,0,0,1354,5,6,1,5,7,0,0,5,7,P,0.000000,0.000000,0.000000,0.000000,0
0,0,0,1355,5,7,1,5,7,0,0,5,7,P,0.000000,0.000000,0.000000,0.000000,0
0,0,0,1356,5,7,0,5,6,0,0,5,6,P,0.000000,0.000000,0.000000,0.000000,0
0,0,0,1357,5,6,3,4,6,0,0,4,6,P,0.000000,0.000000,0.000000,0.000000,0
0,0,0,1358,4,6,2,5,6,0,0,5,6,P,0.000000,0.000000,0.000000,0.000000,0
0,0,0,1359,5,6,1,5,7,0,0,5,7,P,0.000000,0.000000,0.000000,0.000000,0
0,0,0,1360,5,7,1,5,7,0,0,5,7,P,0.000000,0.000000,0.000000,0.000000,0
0,0,0,1361,5,7,2,6,7,0,0,6,7,P,0.000000,0.000000,0.000000,0.000000,0
0,0,0,1362,6,7,3,5,7,0,0,5,7,P,0.000000,0.000000,-7.500000,0.000000,0
0,0,0,1363,5,7,0,5,6,0,0,5,6,P,0.000000,0.000000,0.000000,0.000000,0
0,0,0,1364,5,6,0,5,5,0,0,5,5,P,0.000000,0.000000,0.000000,0.000000,0
0,0,0,1365,5,5,3,4,5,0,0,4,5,P,0.000000,0.000000,0.000000,0.000000,0
0,0,0,1366,4,5,2,5,5,0,0,5,5,P,0.000000,0.000000,0.000000,0.000000,0
0,0,0,1367,5,5,1,5,6,0,0,5,6,P,0.000000,0.000000,0.000000,0.000000,0
0,0,0,1368,5,6,0,5,5,0,0,5,5,P,0.000000,0.000000,0.000000,0.000000,0
0,0,0,1369,5,5,0,5,4,0,0,5,4,P,0.000000,0.000000,0.000000,0.000000,0
0,0,0,1370,5,4,2,6,4,0,0,6,4,P,0.000000,0.000000,0.000000,0.000000,0
0,0,0,1371,6,4,1,6,5,0,0,6,5,P,0.000000,0.000000,0.000000,0.000000,0
0,0,0,1372,6,5,0,6,4,0,0,6,4,P,0.000000,0.000000,0.000000,0.000000,0
0,0,0,1373,6,4,1,6,5,0,0,6,5,P,0.000000,0.000000,0.000000,0.000000,0
0,0,0,1374,6,5,2,7,5,0,0,7,5,P,0.000000,0.000000,0.000000,0.000000,0
0,0,0,1375,7,5,3,6,5,0,0,6,5,P,0.000000,0.000000,0.000000,0.000000,0
0,0,0,1376,6,5,0,6,4,0,0,6,4,P,0.000000,0.000000,0.000000,0.000000,0
0,0,0,1377,6,4,0,6,3,0,0,6,3,P,0.000000,0.000000,0.000000,0.000000,0
0,0,0,1378,6,3,0,6,2,0,0,6,2,P,0.000000,0.000000,0.000000,0.000000,0
0,0,0,1379,6,2,2,7,2,0,0,7,2,P,0.000000,0.000000,0.000000,0.000000,0
0,0,0,1380,7,2,1,7,3,0,0,7,3,P,0.000000,0.000000,0.000000,0.000000,0
0,0,0,1381,7,3,0,7,2,0,0,7,2,P,0.000000,0.000000,0.000000,0.000000,0
0,0,0,1382,7,2,0,7,1,0,0,7,1,P,0.000000,0.000000,0.000000,0.000000,0
0,0,0,1383,7,1,2,7,1,0,0,7,1,P,0.000000,0.000000,0.000000,0.000000,0
0,0,0,1384,7,1,2,7,1,0,0,7,1,P,0.000000,0.000000,0.000000,0.000000,0
0,0,0,1385,7,1,0,7,0,0,0,7,0,P,0.000000,0.000000,0.000000,0.000000,0
0,0,0,1386,7,0,3,6,0,0,0,6,0,P,0.000000,0.000000,0.000000,0.000000,0
0,0,0,1387,6,0,3,5,0,0,0,5,0,P,0.000000,0.000000,0.000000,0.000000,0
0,0,0,1388,5,0,1,5,1,0,0,5,1,P,0.000000,0.000000,0.000000,0.000000,0
0,0,0,1389,5,1,0,5,0,0,0,5,0,P,0.000000,0.000000,0.000000,0.000000,0
0,0,0,1390,5,0,0,5,0,0,0,5,0,P,0.000000,0.000000,0.000000,0.000000,0
0,0,0,1391,5,0,0,5,0,0,0,5,0,P,0.000000,0.000000,0.000000,0.000000,0
0,0,0,1392,5,0,3,4,0,0,0,4,0,P,0.000000,0.000000,0.000000,0.000000,0
0,0,0,1393,4,0,0,4,0,0,0,4,0,P,0.000000,0.000000,0.000000,0.000000,0
0,0,0,1394,4,0,0,4,0,0,0,4,0,P,0.000000,0.000000,0.000000,0.000000,0
0,0,0,1395,4,0,1,4,1,0,0,4,1,P,0.000000,0.000000,0.000000,0.000000,0
0,0,0,1396,4,1,3,3,1,0,0,3,1,P,0.000000,0.000000,0.000000,0.307547,0
0,0,0,1397,3,1,0,3,0,0,0,3,0,P,1.907930,0.000000,0.000000,0.000000,0
0,0,0,1398,3,0,3,2,0,0,0,2,0,P,0.000000,0.000000,0.000000,5.117871,0
0,0,0,1399,2,0,3,1,0,0,0,1,0,R,0.000000,0.000000,0.000000,8.250732,0
0,0,0,1400,1,0,1,1,1,0,0,1,1,R,0.000000,3.911572,0.000000,9.995117,0
0,0,0,1401,1,1,0,1,0,0,0,1,0,P,8.843994,0.000000,0.000000,0.000000,0
0,0,0,1402,1,0,3,0,0,10,10,7,7,P,0.000000,3.911572,0.000000,9.997559,0
0,0,0,1403,7,7,0,7,6,0,0,7,6,P,0.000000,0.000000,0.000000,0.000000,0
0,0,0,1404,7,6,0,7,5,0,0,7,5,P,0.000000,-5.000000,0.000000,0.000000,0
0,0,0,1405,7,5,2,7,5,0,0,7,5,P,0.000000,0.000000,0.000000,0.000000,0
0,0,0,1406,7,5,1,7,6,0,0,7,6,P,0.000000,0.000000,0.000000,0.000000,0
0,0,0,1407,7,6,0,7,5,0,0,7,5,P,0.000000,-5.000000,0.000000,0.000000,0
0,0,0,1408,7,5,0,7,4,0,0,7,4,P,0.000000,0.000000,0.000000,0.000000,0
0,0,0,1409,7,4,0,7,3,0,0,7,3,P,0.000000,0.000000,0.000000,0.000000,0
0,0,0,1410,7,3,0,7,2,0,0,7,2,P,0.000000,0.000000,0.000000,0.000000,0
0,0,0,1411,7,2,2,7,2,0,0,7,2,P,0.000000,0.000000,0.000000,0.000000,0
0,0,0,1412,7,2,0,7,1,0,0,7,1,P,0.000000,0.000000,0.000000,0.000000,0
0,0,0,1413,7,1,1,7,2,0,0,7,2,P,0.000000,0.000000,0.000000,0.000000,0
0,0,0,1414,7,2,3,6,2,0,0,6,2,P,0.000000,0.000000,0.000000,0.000000,0
0,0,0,1415,6,2,2,7,2,0,0,7,2,P,0.000000,0.000000,0.000000,0.000000,0
0,0,0,1416,7,2,2,7,2,0,0,7,2,P,0.000000,0.000000,0.000000,0.000000,0
0,0,0,1417,7,2,0,7,1,0,0,7,1,P,0.000000,0.000000,0.000000,0.000000,0
0,0,0,1418,7,1,3,6,1,0,0,6,1,P,0.000000,0.000000,0.000000,0.000000,0
0,0,0,1419,6,1,0,6,0,0,0,6,0,P,0.000000,0.000000,0.000000,0.000000,0
0,0,0,1420,6,0,2,7,0,0,0,7,0,P,0.000000,0.000000,0.000000,0.000000,0
0,0,0,1421,7,0,0,7,0,0,0,7,0,P,0.000000,0.000000,0.000000,0.000000,0
0,0,0,1422,7,0,2,7,0,0,0,7,0,P,0.000000,0.000000,0.000000,0.000000,0
0,0,0,1423,7,0,1,7,1,0,0,7,1,P,0.000000,0.000000,0.000000,0.000000,0
0,0,0,1424,7,1,1,7,2,0,0,7,2,P,0.000000,0.000000,0.000000,0.000000,0
0,0,0,1425,7,2,2,7,2,0,0,7,2,P,0.000000,0.000000,0.000000,0.000000,0
0,0,0,1426,7,2,3,6,2,0,0,6,2,P,0.000000,0.000000,0.000000,0.000000,0
0,0,0,1427,6,2,2,7,2,0,0,7,2,P,0.000000,0.000000,0.000000,0.000000,0
0,0,0,1428,7,2,2,7,2,0,0,7,2,P,0.000000,0.000000,0.000000,0.000000,0
0,0,0,1429,7,2,1,7,3,0,0,7,3,P,0.000000,0.000000,0.000000,0.000000,0
0,0,0,1430,7,3,2,7,3,0,0,7,3,P,0.000000,0.000000,0.000000,0.000000,0
0,0,0,1431,7,3,0,7,2,0,0,7,2,P,0.000000,0.000000,0.000000,0.000000,0
0,0,0,1432,7,2,2,7,2,0,0,7,2,P,0.000000,0.000000,0.000000,0.000000,0
0,0,0,1433,7,2,1,7,3,0,0,7,3,P,0.000000,0.000000,0.000000,0.000000,0
0,0,0,1434,7,3,0,7,2,0,0,7,2,P,0.000000,0.000000,0.000000,0.000000,0
0,0,0,1435,7,2,1,7,3,0,0,7,3,P,0.000000,0.000000,0.000000,0.000000,0
0,0,0,1436,7,3,1,7,4,0,0,7,4,P,0.000000,0.000000,0.000000,0.000000,0
0,0,0,1437,7,4,0,7,3,0,0,7,3,P,0.000000